key	skeleton
#battle_animations_table_tables;0;db/battle_animations_table_tables/data__	
ap1_gorebeast	ape01
ba1_bat	bat01
ba1_drop_bat	bat01
bc1_warsphinx	bigcat01
bc2_deathclaw	bigcat02
bc2_demigryph	bigcat02
bc2_griffon	bigcat02
bc2b_hippogryph	bigcat02b
bc2c_dlc23_lammasu	bigcat02c
bc3_manticore	bigcat03
bc4_dlc15_lion	bigcat04
bc4_dlc15_lion_draught	bigcat04
bc4_flesh_hounds_of_khorne	bigcat04
bc4_wh3_sabretusk	bigcat04
bc4_wh3_snow_leopard	bigcat04
be1_wh3_elemental_bear	bear01
be1_wh3_warbear	bear01
be1_wh3_warbear_draught	bear01
be1_wh3_warbear_katarin	bear01
be1_wh3_warbear_warsled_draught	bear01
bi1_dlc15_phoenix	bird01
bi1_eagle	bird01
bi1_eagle_boss	bird01
bi1_hawk	bird01
bi1b_carrion	bird01b
bi2_terrorgheist	bird02
bi2_terrorgheist_boss	bird02
bi2_wyvern	bird02
bi3_ripperdactyl	bird03
bi3_terradon	bird03
bi4_dlc17_coatl	bird04
bo1_razorgor	boar01
bo1_warboar	boar01
bo1_warboar_draught	boar01
ce1_centigor_2handed_glaive	centaur01
ce1_centigor_spear_and_shield	centaur01
ce1_centigor_spear_and_throwing_axes	centaur01
ce1_necrosphinx	centaur03
ce1b_dlc23_bullcentaur_2handed_axe	centaur01b
ce1b_dlc23_bullcentaur_axe_shield	centaur01b
ce1b_dlc23_bullcentaur_dual_axe	centaur01b
ce1b_dlc23_bullcentaur_taurruk_2handed_axe	centaur01b
ce2_dlc16_zoat_2handed_mace	centaur02
ce2_dragon_ogre_2handed_axe	centaur02
ce2_kholek_2handed_axe	centaur02
ce2_shaggoth_2handed_axe	centaur02
ce2_shaggoth_2handed_axe_boss	centaur02
ce3_necrosphinx_blades	centaur03
cr1_cst_leviathon	crab01
cr1_cst_promethean	crab01
default_skeleton	default_skeleton
dr04_dragon_iron	dragon04
dr04_dragon_storm	dragon04
dr1_dragon	dragon01
dr1_dragon_boss	dragon01
dr1_dragon_zombie	dragon01
dr1b_chaos_dragon	dragon01b
dr1b_chaos_dragon_boss	dragon01b
dr1b_wyrm_dragon	dragon01b
dr2_hydra	dragon02
dr2_hydra_boss	dragon02
dr2_kharibdyss	dragon02
fauna_crow	cam_fauna_bird_01
fauna_vulture	cam_fauna_bird_01
gh1_banshee	ghost01
gh1_banshee_mortisengine	ghost01
gh1_banshee_mortisengine_nagash	ghost01
gh1_cairn_wraith	ghost01
gh1_cairn_wraith_nagash	ghost01
gh1_cairn_wraith_wm_carriage01	ghost01
gh3_wh3_flamer	ghost03
gh3_wh3_flamer_burningchariot01_exalted	ghost03
gh3_wh3_flamer_exalted	ghost03
gh4_cst_mourngul	ghost04
gh4_cst_mourngul_haunter	ghost04
gi1_colossus_bow	giant01
gi1_colossus_dual_swords	giant01
gi1_hierotitan_staff_and_scales	giant01
gi1b_terracotta_sentinel_glaive	giant01b
gi2_cst_colossus	giant02
gi2_cst_colossus_flame_thrower	giant02
gr1_grail_reliquae	grail01
gt01_dlc15_wm_grom_chariot01_grom_2h_axe	goblinteam01
hc1_wh3_fiend_of_slaanesh	hybridcreature01
hc2_chaos_spawn	hybridcreature02
hc2_cst_hulks	hybridcreature02
hc2_treekin	hybridcreature02
hc2_treekin_ironbark	hybridcreature02
hc3_dlc17_jabberslythe	hybridcreature03
hc5_skv_hell_pit	hybridcreature05
hc5_skv_hell_pit_boss	hybridcreature05
hc7_wh3_nurgle_soul_grinder	hybridcreature07
hc7_wh3_slaanesh_soul_grinder	hybridcreature07
hc7_wh3_soul_grinder	hybridcreature07
hc7_wh3_tzeentch_soul_grinder	hybridcreature07
hc8_wh3_beast_of_nurgle	hybridcreature08
hc9_cst_cylostra_cr1_leviathan_wb_fan_and_staff	humanoid09
hc9_cst_cylostra_fan_and_staff	hybridcreature09
hq1_bastiladon	heavyquadruped01
hq1_feral_stegadon	heavyquadruped01
hq1_stegadon	heavyquadruped01
hq2_wh3_mournfang	heavyquadruped02
hq2_wh3_mournfang_draught	heavyquadruped02
hq3_mammoth	heavyquadruped03
hq3_mammoth_boss	heavyquadruped03
hq3_mammoth_warshrine	heavyquadruped03
hq3b_wh3_stonehorn	heavyquadruped03b
hq4_wh3_juggernaut	heavyquadruped04
hq5_dlc23_kdaai_destroyer	heavyquadruped05
hr1_chaos_steed	horse01
hr1_chaos_steed_draught	horse01
hr1_hexwraiths_skeletal_steed	horse01
hr1_pegasus	horse01
hr1_skeletal_steed	horse01
hr1_skeletal_steed_draught	horse01
hr1_tomb_steed	horse01
hr1_tomb_steed_draught	horse01
hr1_tomb_steed_draught_arkhan	horse01
hr1_vmp_skeletal_steed_mortisengine	horse01
hr1_warhorse	horse01
hr1_warhorse_draught	horse01
hr1_wh3_dlc20_large_generic_lord_heavy_horse	horse01
hr1_wh3_dlc20_large_generic_lord_light_horse	horse01
hr1_wh3_dlc20_large_heavy_horse	horse01
hr1_wh3_dlc20_large_legendary_lord_heavy_horse	horse01
hr1_wh3_dlc20_large_legendary_lord_light_horse	horse01
hr1_wh3_dlc20_large_light_horse	horse01
hr1_wh3_longma	horse01
hr1_wh3_warhorse_peasant	horse01
hu10_belakor	humanoid10
hu10_wh3_bloodthirster_axe_and_whip	humanoid10
hu10_wh3_bloodthirster_great_axe	humanoid10
hu10_wh3_skarbrand_dual_axe	humanoid10
hu10b_harpy	humanoid10b
hu10c_exalted_lord_of_change_staff	humanoid10c
hu10c_lord_of_change_staff	humanoid10c
hu10d_wh3_furies	humanoid10d
hu10e_dlc20_daemon_prince_1h_noarmoury	humanoid10e
hu10e_dlc20_daemon_prince_2h_noarmoury	humanoid10e
hu10e_wh3_daemon_prince_1h	humanoid10e
hu10e_wh3_daemon_prince_2h	humanoid10e
hu10e_wh3_daemon_prince_2h_sword	humanoid10e
hu10f_wh3_fate_weaver_staff	humanoid10f
hu11_cygor	humanoid11
hu11_cygor_boss	humanoid11
hu11b_dlc17_ghorgon	humanoid11b
hu12_dlc17_doombull	humanoid12
hu12_dlc17_taurox_dual_axe	humanoid12
hu12_gorebull_2handed_axe	humanoid12
hu12_minotaur_2handed_axe	humanoid12
hu12_minotaur_axe	humanoid12
hu12_minotaur_dual_axe	humanoid12
hu13_cst_bloated_corpse	humanoid13
hu13_dlc23_ogre_dreadquake	humanoid13
hu13_wh3_hq3b_stonehorn_spear	humanoid13
hu13_wh3_hq3b_stonehorn_sword_and_crossbow	humanoid13
hu13_wh3_hq3b_stonehorn_sword_and_harpoon	humanoid13
hu13_wh3_ogre_2handed_hammer	humanoid13
hu13_wh3_ogre_2handed_sword	humanoid13
hu13_wh3_ogre_dual_sword	humanoid13
hu13_wh3_ogre_firebelly	humanoid13
hu13_wh3_ogre_hammer_and_sword	humanoid13
hu13_wh3_ogre_handblade_and_ironfist	humanoid13
hu13_wh3_ogre_hq2_mournfang_2handed_sword	humanoid13
hu13_wh3_ogre_hq2_mournfang_sword_and_ironfist	humanoid13
hu13_wh3_ogre_leadbelcher	humanoid13
hu13_wh3_ogre_slaughtermaster	humanoid13
hu13_wh3_ogre_sword	humanoid13
hu13_wh3_ogre_sword_and_harpoon	humanoid13
hu13_wh3_ogre_sword_and_ironfist	humanoid13
hu13_wh3_ogre_sword_and_pistol	humanoid13
hu13_wh3_ogre_sword_and_staff	humanoid13
hu13_wh3_ogre_wm_ironblaster_invisible_01	humanoid13
hu13d_wh3_skrag_dual_handblades	humanoid13d
hu13e_wh3_dlc20_festus_staff	humanoid13
hu14_wh3_blue_horror_dagger_burningchariot01	humanoid14
hu14_wh3_blue_horror_dagger_fire_bolt	humanoid14
hu14_wh3_herald_of_tzeentch_burningchariot01_staff_and_book	humanoid14
hu14_wh3_herald_of_tzeentch_staff_and_book	humanoid14
hu14_wh3_herald_of_tzeentch_wm_disc01_staff_and_book	humanoid14
hu14_wh3_iridescent_horror_burningchariot01_staff	humanoid14
hu14_wh3_iridescent_horror_staff	humanoid14
hu14_wh3_iridescent_horror_wm_disc01_staff	humanoid14
hu14_wh3_pink_horror_dagger_fire_bolt	humanoid14
hu14_wm3_horrors_wm_disc01_crew1	humanoid14
hu14_wm3_horrors_wm_disc01_crew2	humanoid14
hu14_wm3_horrors_wm_disc01_crew3	humanoid14
hu16_wh3_daemonette	humanoid16
hu16_wh3_daemonette_exalted	humanoid16
hu16_wh3_daemonette_wm_seeker_chariot01_crew	humanoid16
hu16_wh3_daemonette_wm_seeker_chariot01_driver_whip	humanoid16
hu16_wh3_daemonette_wm_seeker_chariot01_exalted	humanoid16
hu16_wh3_herald_of_slaanesh	humanoid16
hu16_wh3_slaanesh_rp1_alluress	humanoid16
hu16_wh3_slaanesh_rp1_heartseekers_of_slaanesh	humanoid16
hu16_wh3_slaanesh_rp1_herald_of_slaanesh	humanoid16
hu16_wh3_slaanesh_rp1_seekers_of_slaanesh	humanoid16
hu16b_wh3_exalted_keepers_secrets	humanoid16b
hu16b_wh3_keepers_secrets	humanoid16b
hu16b_wh3_nkari	humanoid16b
hu16c_wh3_dlc20_valkia_spear_shield	humanoid16c
hu17_craventail_spear_and_fork	humanoid17
hu17_dlc12_ikit_halberd_and_claw_gun	humanoid17
hu17_dlc12_skaven_doomflayer_driver_01	humanoid17
hu17_dlc12_warlock_gauntlets	humanoid17
hu17_dlc12_wm_doomflayer01_ikit_halberd_and_claw_gun	humanoid17
hu17_dlc12_wm_doomflayer01_warlock_gauntlets	humanoid17
hu17_dlc12_wm_doomwheel01_ikit_halberd_and_claw_gun	humanoid17
hu17_dlc14_eshin_triad_naginata	humanoid17
hu17_dlc14_eshin_triad_naginata_decoy	humanoid17
hu17_dlc14_master_assasin_dual_sword	humanoid17
hu17_dlc14_master_assassin_dual_claw	humanoid17
hu17_dlc14_snikch_dual_sword	humanoid17
hu17_dlc16_hu18_rat_ogre_wb_halberd	humanoid18
hu17_dlc16_ratcatcher	humanoid17
hu17_dlc16_rt1_brood_horror_ratcatcher	humanoid17
hu17_dlc16_rt1_brood_horror_sword_shield	humanoid17
hu17_dlc16_rt1_brood_horror_throt	humanoid17
hu17_dlc16_throt	humanoid17
hu17_skaven_censer	humanoid17
hu17_skaven_council_halberd	humanoid17
hu17_skaven_doom_wheel_driver_01	humanoid17
hu17_skaven_doom_wheel_driver_02	humanoid17
hu17_skaven_dual_claw_and_sling	humanoid17
hu17_skaven_dual_claw_and_throwing_stars	humanoid17
hu17_skaven_dual_sword	humanoid17
hu17_skaven_eshin_dual_sword	humanoid17
hu17_skaven_eshin_staff_and_sword	humanoid17
hu17_skaven_halberd	humanoid17
hu17_skaven_halberd_and_doomfire_rocket	humanoid17
hu17_skaven_monk_censer	humanoid17
hu17_skaven_spear	humanoid17
hu17_skaven_spear_and_shield	humanoid17
hu17_skaven_staff_and_book	humanoid17
hu17_skaven_staff_and_sword	humanoid17
hu17_skaven_stormvermin_sword_and_shield	humanoid17
hu17_skaven_sword	humanoid17
hu17_skaven_sword_and_globe	humanoid17
hu17_skaven_sword_and_hook	humanoid17
hu17_skaven_sword_and_shield	humanoid17
hu17_skaven_sword_and_sling	humanoid17
hu17_skaven_sword_throwing_stars	humanoid17
hu17_skaven_warlord_hu18_rat_ogre_drill	humanoid17
hu17_skaven_wm_screaming_bell_staff	humanoid17
hu18_dlc16_mutant_rat_ogre	humanoid18
hu18_rat_ogre_claws	humanoid18
hu18_rat_ogre_drill	humanoid18
hu18b_dlc16_ghoritch_mech_claws	humanoid18b
hu1_arch_lector_dual_hammer	humanoid01
hu1_arkhan_staff_and_sword	humanoid01
hu1_arkhan_wm_tomb_chariot01_staff_and_sword	humanoid01
hu1_black_knights_hr1_skeletal_steed_lance_sword_shield	humanoid01
hu1_black_knights_hr1_skeletal_steed_sword_and_shield	humanoid01
hu1_blazing_sun_hr1_warhorse_lance_sword_shield	humanoid01
hu1_bretonnian_2handed_hammer	humanoid01
hu1_bretonnian_alberic_hr1_pegasus_lancer	humanoid01
hu1_bretonnian_bc2b_hippogryph_wb_alberic	humanoid01
hu1_bretonnian_bc2b_hippogryph_wb_lance_sword_shield	humanoid01
hu1_bretonnian_bc2b_hippogryph_wb_sword_shield	humanoid01
hu1_bretonnian_hr1_pegasus_lancer	humanoid01
hu1_bretonnian_hr1_royal_pegasus_lancer	humanoid01
hu1_bretonnian_hr1_warhorse_2handed_sword	humanoid01
hu1_bretonnian_sword_and_longbow	humanoid01
hu1_cst_admiral_cr1_promethean_wb_halberd	crab01
hu1_cst_admiral_halberd	humanoid01
hu1_cst_deck_ba1_wb_bomb	humanoid01d
hu1_cst_deck_ba1_wb_pistol_and_sword	humanoid01d
hu1_cst_deck_ba1_wb_rifle	humanoid01d
hu1_cst_depth_guard_dual_axe	humanoid01
hu1_cst_depth_guard_halberd	humanoid01
hu1_cst_gunnery_cr1_promethean_wb_rifle	crab01
hu1_cst_gunnery_rifle	humanoid01
hu1_cst_luthor_bi2_terrorgheist_wb_cutlass_and_pistol	humanoid01
hu1_cst_luthor_cutlass_and_pistol	humanoid01
hu1_cst_noctilus_2handed_axe	humanoid01d
hu1_cst_noctilus_gi2_colossus_wb_2handed_axe	humanoid01
hu1_cst_zombie_artillery	humanoid01
hu1_cst_zombie_cr1_leviathan_wb_rifle	humanoid01
hu1_cst_zombie_cr1_leviathon_wb_rifle	humanoid01
hu1_cst_zombie_cr1_pomenthean_wb_hand_cannon	humanoid01
hu1_cst_zombie_cr1_promethean_wb_cutlass_and_pistol	humanoid01
hu1_cst_zombie_cr1_promethean_wb_hand_cannon	humanoid01
hu1_cst_zombie_cr1_promethean_wb_hand_cannon1	humanoid01
hu1_cst_zombie_cutlass_and_bomb	humanoid01
hu1_cst_zombie_cutlass_and_pistol	humanoid01
hu1_cst_zombie_dual_cutlass	humanoid01
hu1_cst_zombie_gi2_colossus_wb_crew_1	humanoid01
hu1_cst_zombie_gi2_colossus_wb_crew_2	humanoid01
hu1_cst_zombie_gi2_colossus_wb_crew_3	humanoid01
hu1_cst_zombie_gi2_colossus_wb_crew_4	humanoid01
hu1_cst_zombie_gi2_colossus_wb_crew_5	humanoid01
hu1_cst_zombie_gi2_resurrect_1	humanoid01
hu1_cst_zombie_halberd	humanoid01
hu1_cst_zombie_hand_cannon	humanoid01
hu1_cst_zombie_mini_gun	humanoid01
hu1_cst_zombie_rifle	humanoid01
hu1_cst_zombie_rifle_bayonet	humanoid01
hu1_cultist_of_nurgle_mace	humanoid01
hu1_cultist_of_slaanesh_dual_swords	humanoid01
hu1_cultist_of_slaanesh_hr1_warhorse_dual_swords	humanoid01
hu1_cultist_of_tzeentch_hr1_warhorse_staff_and_sword	humanoid01
hu1_cultist_of_tzeentch_staff_and_sword	humanoid01
hu1_dlc13_huntsman_sword_bow	humanoid01
hu1_dlc13_sword_bow	humanoid01
hu1_dlc13_wagon01_crew_rifle01	humanoid01
hu1_dlc13_wagon01_hellblaster_crew_1	humanoid01
hu1_dlc13_wagon01_hellblaster_crew_2	humanoid01
hu1_dlc14_hr1_warhorse_repanse_2handed_sword	humanoid01
hu1_dlc14_repanse_2handed_sword	humanoid01
hu1_dlc20_wsh1_warshrine_cultist_of_nurgle_mace	humanoid01c
hu1_dlc20_wsh1_warshrine_cultist_of_slaanesh_dual_sword	humanoid01c
hu1_dlc20_wsh1_warshrine_cultist_of_tzeentch_staff_sword	humanoid01c
hu1_dlc23_hr1_ulrika_dual_swords_bow	humanoid01b
hu1_dlc23_ulrika_dual_swords_bow	humanoid01
hu1_empire_2handed_hammer	humanoid01
hu1_empire_2handed_sword	humanoid01
hu1_empire_bc2_demigryph_halberd	humanoid01
hu1_empire_bc2_demigryph_lance_sword_shield	humanoid01
hu1_empire_bc2_griffon_wb_hammer	humanoid01
hu1_empire_bc2_griffon_wb_staff_and_sword	humanoid01
hu1_empire_bc2_griffon_wb_sword_shield	humanoid01
hu1_empire_dual_hammer	humanoid01
hu1_empire_halberd	humanoid01
hu1_empire_hammer	humanoid01
hu1_empire_hammer_and_book	humanoid01
hu1_empire_helblaster_crew	humanoid01
hu1_empire_helstorm_crew	humanoid01
hu1_empire_hr1_pegasus_hammer	humanoid01
hu1_empire_hr1_pegasus_staff_and_sword	humanoid01
hu1_empire_hr1_pegasus_sword_and_shield	humanoid01
hu1_empire_hr1_warhorse_dual_hammer	humanoid01
hu1_empire_hr1_warhorse_hammer	humanoid01
hu1_empire_hr1_warhorse_hammer_and_book	humanoid01
hu1_empire_hr1_warhorse_lance_sword_shield	humanoid01
hu1_empire_hr1_warhorse_staff_and_sword	humanoid01
hu1_empire_hr1_warhorse_sword	humanoid01
hu1_empire_hr1_warhorse_sword_and_bow	humanoid01
hu1_empire_hr1_warhorse_sword_and_dual_pistols	humanoid01
hu1_empire_hr1_warhorse_sword_and_grenade_launcher	humanoid01
hu1_empire_hr1_warhorse_sword_and_repeater_rifle	humanoid01
hu1_empire_hr1_warhorse_sword_and_rifle	humanoid01
hu1_empire_hr1_warhorse_sword_and_shield	humanoid01
hu1_empire_hr1_warhorse_sword_and_shield_gk	humanoid01
hu1_empire_spear	humanoid01
hu1_empire_spear_and_shield	humanoid01
hu1_empire_staff_and_sword	humanoid01
hu1_empire_sword	humanoid01
hu1_empire_sword_and_pistol	humanoid01
hu1_empire_sword_and_shield	humanoid01
hu1_empire_sword_and_shield_prologue	humanoid01
hu1_empire_sword_crossbow	humanoid01
hu1_empire_sword_rifle	humanoid01
hu1_fire_hr1_warhorse_staff_and_sword	humanoid01
hu1_fire_staff_and_sword	humanoid01
hu1_grail_hr1_warhorse_lance_sword_shield	humanoid01
hu1_graveguard_2handed_sword	humanoid01
hu1_graveguard_sword_and_shield	humanoid01
hu1_huntsmarshal_sword_bow	humanoid01
hu1_krell_2handed_axe	humanoid01
hu1_leoncoeur_bc2b_hippogryph_wb_sword_shield	humanoid01
hu1_leoncoeur_hr1_pegasus_sword_and_shield	humanoid01
hu1_leoncoeur_hr1_warhorse_sword_and_shield	humanoid01
hu1_leoncoeur_sword_and_shield	humanoid01
hu1_liche_priest_hr1_tomb_steed_staff_and_sword	humanoid01
hu1_liche_priest_staff_and_sword	humanoid01
hu1_liche_priest_wm_tomb_chariot01_staff_and_sword	humanoid01
hu1_mannfred_hr1_pegasus_staff_and_sword	humanoid01
hu1_mannfred_hr1_warhorse_staff_and_sword	humanoid01
hu1_mannfred_staff_and_sword	humanoid01
hu1_mc_cultist_of_nurgle_hr1_warhorse	humanoid01
hu1_men_arms_halberd	humanoid01
hu1_men_arms_spear_and_shield	humanoid01
hu1_paladin_hr1_pegasus_lancer	humanoid01
hu1_paladin_hr1_warhorse_lance_sword_shield	humanoid01
hu1_paladin_sword_and_shield	humanoid01
hu1_pilgrim_dual_hammer	humanoid01
hu1_pr7_felix_2h_sword	humanoid01
hu1_pr8_amethyst_staff_and_sword	humanoid01
hu1_sartosa_free_company	humanoid01
hu1_settra_2handed_halberd	humanoid01
hu1_settra_wm_tomb_chariot01_2handed_halberd	humanoid01
hu1_sk_mortisengine_left_00	humanoid01
hu1_sk_mortisengine_left_01	humanoid01
hu1_sk_mortisengine_left_02	humanoid01
hu1_sk_mortisengine_right_00	humanoid01
hu1_sk_mortisengine_right_01	humanoid01
hu1_sk_mortisengine_right_02	humanoid01
hu1_skeleton_hr1_skeletal_steed_mortis_engine	humanoid01
hu1_skeleton_spear_and_shield	humanoid01
hu1_skeleton_sword_and_shield	humanoid01
hu1_t1_cst_mini_gun	hu1_team01
hu1_tomb_2handed_sword	humanoid01
hu1_tomb_dual_swords	humanoid01
hu1_tomb_halberd_and_shield	humanoid01
hu1_tomb_hr1_tomb_steed_halberd	humanoid01
hu1_tomb_hr1_tomb_steed_halberd_and_shield	humanoid01
hu1_tomb_hr1_tomb_steed_spear_and_shield	humanoid01
hu1_tomb_hr1_tomb_steed_staff_and_sword	humanoid01
hu1_tomb_hr1_tomb_steed_sword_and_bow	humanoid01
hu1_tomb_hr1_tomb_steed_sword_and_shield	humanoid01
hu1_tomb_hr1_tomb_steed_sword_and_whip	humanoid01
hu1_tomb_skeleton_dual_swords	humanoid01
hu1_tomb_skeleton_spear_and_shield	humanoid01
hu1_tomb_skeleton_sword	humanoid01
hu1_tomb_skeleton_sword_and_bow	humanoid01
hu1_tomb_skeleton_sword_and_shield	humanoid01
hu1_tomb_sn1_serpent_spear	humanoid01
hu1_tomb_sn1_serpent_spear_and_shield	humanoid01
hu1_tomb_sword_and_shield	humanoid01
hu1_tomb_sword_and_whip	humanoid01
hu1_tomb_wb_bigcat01_bow	humanoid01
hu1_tomb_wm_tomb_chariot01_2handed_halberd	humanoid01
hu1_tomb_wm_tomb_chariot01_sword_and_bow	humanoid01
hu1_tomb_wm_tomb_chariot01_sword_and_shield	humanoid01
hu1_tomb_wm_tomb_chariot01_whip	humanoid01
hu1_vampire_counts_dr1_zombie_dragon_wb_sword_and_shield	humanoid01
hu1_vampire_counts_hr1_warhorse_scythe	humanoid01
hu1_vampire_wm_corpse_cart_staff_and_sword	humanoid01
hu1_vampire_wm_corpse_cart_whip	humanoid01
hu1_vampire_zombie_sword	humanoid01
hu1_vampire_zombie_sword_draught	humanoid01
hu1_vlad_sword	humanoid01
hu1_volkmar_hr1_warhorse_staff_and_hammer	humanoid01
hu1_volkmar_staff_and_hammer	humanoid01
hu1_wh3_frost_maiden_be1_warbear_sword_and_magic	humanoid01
hu1_wh3_frost_maiden_hr1_warhorse_sword_and_magic	humanoid01
hu1_wh3_frost_maiden_sword_and_magic	humanoid01
hu1_wh3_hellstrider_rp1_steed_of_slaanesh_spear_arm_and_shield	humanoid01
hu1_wh3_hellstrider_rp1_steed_of_slaanesh_whip_and_shield	humanoid01
hu1_wh3_hr1_kislev_warhorse_sword	humanoid01
hu1_wh3_ice_witch_be1_warbear_sword_and_magic	humanoid01
hu1_wh3_ice_witch_hr1_warhorse_sword_and_magic	humanoid01
hu1_wh3_ice_witch_sword_and_magic	humanoid01
hu1_wh3_katarin_be1_warbear_staff_and_sword	humanoid01
hu1_wh3_katarin_hr1_warhorse_staff_and_sword	humanoid01
hu1_wh3_katarin_staff_and_sword	humanoid01
hu1_wh3_kislev_be1_warbear_mace_and_satchel	humanoid01
hu1_wh3_kislev_be1_warbear_mace_and_standard	humanoid01
hu1_wh3_kislev_claws	humanoid01
hu1_wh3_kislev_dual_sword_and_bow	humanoid01
hu1_wh3_kislev_glaive_and_bow	humanoid01
hu1_wh3_kislev_hr1_warhorse_mace_and_satchel	humanoid01
hu1_wh3_kislev_hr1_warhorse_mace_and_standard	humanoid01
hu1_wh3_kislev_hr1_warhorse_sword	humanoid01
hu1_wh3_kislev_hr1_warhorse_sword_and_bow	humanoid01
hu1_wh3_kislev_mace_and_satchel	humanoid01
hu1_wh3_kislev_mace_and_standard	humanoid01
hu1_wh3_slaanesh_spear_arm_and_shield	humanoid01
hu1_wh3_slaanesh_sword_arm_and_shield	humanoid01
hu1_wh3_slaanesh_whip_and_shield	humanoid01
hu1_wight_king_hr1_skeletal_steed_sword_shield	humanoid01
hu1_wight_king_sword_and_shield	humanoid01
hu1_wm_luminark_of_hysh_scroll_and_candle	humanoid01
hu1_wm_luminark_of_hysh_staff_and_crystal_ball	humanoid01
hu1_wulfhart_sword_bow	humanoid01
hu1b_alarielle_hr1_warhorse_staff_and_sword	humanoid01b
hu1b_alarielle_staff_and_sword	humanoid01b
hu1b_bretonnian_fay_enchantress	humanoid01b
hu1b_bretonnian_hr1_warhorse_staff_and_sword	humanoid01b
hu1b_bretonnian_hr1_warhorse_sword_and_chalice	humanoid01b
hu1b_bretonnian_hr1_warhorse_unarmed	humanoid01b
hu1b_bretonnian_staff_and_sword	humanoid01b
hu1b_bretonnian_sword_and_chalice	humanoid01b
hu1b_cst_admiral_cr1_promethean_wb_cutlass_and_pistol	humanoid01b
hu1b_cst_admiral_cutlass_and_pistol	humanoid01b
hu1b_cst_aranessa_cr1_promethean_wb_halberd	humanoid01b
hu1b_cst_aranessa_halberd	humanoid01b
hu1b_cst_captain_cutlass_and_hook	humanoid01b
hu1b_def_lord_staff_and_sword	humanoid01b
hu1b_def_whip_and_shield	humanoid01b
hu1b_dlc15_archmage_hr1_warhorse_sword_and_staff	humanoid01b
hu1b_dlc15_archmage_phoenix_wb_staff_sword	humanoid01b
hu1b_dlc15_princess_bc2_griffon_wb_sword_bow	humanoid01d
hu1b_dlc16_arahan_bi1_wb_bow	humanoid01b
hu1b_dlc16_arahan_dr1_wb_bow	humanoid01b
hu1b_dlc16_bi1_eagle_wb_spear_bow	humanoid01b
hu1b_dlc16_elf_bi1_eagle_wb_spellweaver_sword	humanoid01b
hu1b_dlc16_elf_spellweaver_hr1_warhorse_sword	humanoid01b
hu1b_dlc16_elf_spellweaver_sword	humanoid01b
hu1b_dlc16_hr1_warhorse_spear_bow	humanoid01b
hu1b_dlc16_naestra_bi1_wb_bow	humanoid01b
hu1b_dlc16_naestra_dr1_wb_bow	humanoid01b
hu1b_dlc16_spear_bow	humanoid01b
hu1b_dlc16_st1_great_stag_spear_bow	humanoid01b
hu1b_dlc16_st1_great_stag_sword_bow	humanoid01b
hu1b_elf_2handed_spear	humanoid01b
hu1b_elf_bc3_manticore_wb_dual_sword	humanoid01b
hu1b_elf_bc3_manticore_wb_staff_and_sword	humanoid01b
hu1b_elf_bi1_alarielle_wb_staff_and_sword	humanoid01b
hu1b_elf_bi1_eagle_wb_sword	humanoid01b
hu1b_elf_bi1_eagle_wb_sword_and_bow	humanoid01b
hu1b_elf_dr1_dragon_wb_staff_and_sword	humanoid01b
hu1b_elf_dr1_dragon_wb_sword_and_bow	humanoid01b
hu1b_elf_dr1_dragon_wb_sword_and_shield	humanoid01b
hu1b_elf_dual_sword	humanoid01b
hu1b_elf_hr1_pegasus_staff_and_sword	humanoid01b
hu1b_elf_hr1_pegasus_sword_and_shield	humanoid01b
hu1b_elf_hr1_warhorse_dual_sword	humanoid01b
hu1b_elf_hr1_warhorse_sword_and_bow	humanoid01b
hu1b_elf_hr1_warhorse_sword_and_shield	humanoid01b
hu1b_elf_hr1_warhorse_sword_bow	humanoid01b
hu1b_elf_rp3_cold_one_staff_and_sword	humanoid01b
hu1b_elf_rp3_cold_one_sword_shield	humanoid01b
hu1b_elf_spellsinger_hr1_warhorse_sword	humanoid01b
hu1b_elf_spellsinger_sword	humanoid01b
hu1b_elf_st1_stag_staff_and_javelin	humanoid01b
hu1b_elf_staff_and_sword	humanoid01b
hu1b_elf_sword_and_bow	humanoid01b
hu1b_elf_sword_and_shield	humanoid01b
hu1b_elf_wm_blood_cauldron_dual_sword_01	humanoid01b
hu1b_elf_wm_blood_cauldron_dual_sword_02	humanoid01b
hu1b_elf_wm_tiranoc_chariot01_staff_and_sword	humanoid01b
hu1b_hef_avelorn_sword_and_bow	humanoid01b
hu1b_hef_everqueens_sword_and_bow	humanoid01b
hu1b_hef_hr1_warhorse_spear_and_bow	humanoid01b
hu1b_hef_hr1_warhorse_sword_bow	humanoid01b
hu1b_hef_spear_and_bow	humanoid01b
hu1b_hef_sword_and_bow	humanoid01b
hu1b_hellebron_dual_sword	humanoid01b
hu1b_khalida_sn1_serpent_staff_and_sword	humanoid01b
hu1b_khalida_staff_and_sword	humanoid01b
hu1b_tomb_wm_chariot01_staff_and_sword	tombchariot01
hu1b_vampire_hr1_pegasus_sword	humanoid01b
hu1b_vampire_hr1_pegasus_sword_and_chalice	humanoid01b
hu1b_vampire_hr1_warhorse_sword	humanoid01b
hu1b_vampire_sword	humanoid01b
hu1b_welf_dual_sword	humanoid01b
hu1b_wh3_cultist_hr1_warhorse_sword	humanoid01b
hu1b_wh3_cultist_sword	humanoid01b
hu1c_archaon_hr1_warhorse_sword_and_shield	humanoid01c
hu1c_archaon_sword_and_shield	humanoid01c
hu1c_chaos_2handed_axe	humanoid01c
hu1c_chaos_axe_and_shield	humanoid01c
hu1c_chaos_axe_and_shield_cultist_of_khorne	humanoid01c
hu1c_chaos_bc3_manticore_wb_staff_and_sword	humanoid01c
hu1c_chaos_bc3_manticore_wb_sword_and_shield	humanoid01c
hu1c_chaos_dr1b_chaos_dragon_wb_sword_and_shield	humanoid01c
hu1c_chaos_forsaken	humanoid01c
hu1c_chaos_halberd	humanoid01c
hu1c_chaos_hr1_large_warhorse_spear_shield_and_throwing_axe	humanoid01c
hu1c_chaos_hr1_large_warhorse_staff_and_sword	humanoid01c
hu1c_chaos_hr1_large_warhorse_sword_and_shield	humanoid01c
hu1c_chaos_hr1_warhorse_axe_and_shield	humanoid01c
hu1c_chaos_hr1_warhorse_lance_sword_and_shield	humanoid01c
hu1c_chaos_hr1_warhorse_spear_and_javelins	humanoid01c
hu1c_chaos_hr1_warhorse_spear_shield_and_throwing_axe	humanoid01c
hu1c_chaos_hr1_warhorse_staff_and_sword	humanoid01c
hu1c_chaos_hr1_warhorse_sword_and_shield	humanoid01c
hu1c_chaos_knights_hr1_warhorse_sword_and_shield	humanoid01c
hu1c_chaos_sorcerer_chariot_halberd	humanoid01c
hu1c_chaos_staff_and_sword	humanoid01c
hu1c_chaos_sword_and_shield	humanoid01c
hu1c_chaos_wm_chariot_axe_and_shield	humanoid01c
hu1c_chaos_wm_chariot_halberd	humanoid01c
hu1c_chaos_wm_chariot_staff_and_sword	humanoid01c
hu1c_chaos_wm_chariot_whip	humanoid01c
hu1c_cultist_of_khorne_hr1_warhorse_axe_and_shield	humanoid01c
hu1c_dlc20_chaos_hr1_large_heavy_horse_mace_and_shield	humanoid01c
hu1c_dlc20_chaos_knights_hr1_large_heavy_horse_lance_sword_and_shield	humanoid01c
hu1c_dlc20_chaos_lord_hq4_juggernaut_dual_axe	humanoid01c
hu1c_dlc20_chaos_lord_wm_chariot_dual_axe	humanoid01c
hu1c_dlc20_slaanesh_whip_and_shield	humanoid01c
hu1c_dlc20_wsh1_warshrine_chaos_sorceror_staff_sword	humanoid01c
hu1c_dlc20_wsh1_warshrine_cultist_of_khorne_axe_shield	humanoid01c
hu1c_khorne_axe_and_shield	humanoid01c
hu1c_khorne_dual_axe	humanoid01c
hu1c_norsca_2handed_spear	humanoid01c
hu1c_norsca_dual_axe	humanoid01c
hu1c_norsca_dual_axe_and_throwing_axe	humanoid01c
hu1c_norsca_javelin	humanoid01c
hu1c_norsca_wb_mammoth_javelin	humanoid01c
hu1c_norsca_wm_chaos_chariot_throwing_axes	humanoid01c
hu1c_wh3_boris_be1_warbear_glaive	humanoid01c
hu1c_wh3_boris_glaive	humanoid01c
hu1c_wh3_boris_hr1_warhorse_glaive	humanoid01c
hu1c_wh3_chaos_wm_disc01_lance_and_shield	humanoid01c
hu1c_wh3_chaos_wm_juggernaut_lance_and_shield	humanoid01c
hu1c_wh3_dlc20_hr1_glhh_2handed_axe	humanoid01c
hu1c_wh3_dlc20_hr1_glhh_dual_axe	humanoid01c
hu1c_wh3_dlc20_hr1_glhh_sword_and_shield	humanoid01c
hu1c_wh3_dlc20_hr1_llh_dual_axe_and_throwing_axes	humanoid01c
hu1c_wh3_dlc20_tzeentch_sorcerer_wm_disc01_staff_sword	humanoid01c
hu1c_wh3_dlc20_wsh1_warshrine_axe	humanoid01c
hu1c_wh3_dlc20_wsh1_warshrine_sword	humanoid01c
hu1c_wh3_kislev_axe_and_bow	humanoid01c
hu1c_wh3_kislev_be1_warbear_dual_axe	humanoid01c
hu1c_wh3_kislev_be1_warbear_glaive	humanoid01c
hu1c_wh3_kislev_be1_warbear_sword_and_axe_yuri	humanoid01c
hu1c_wh3_kislev_dual_axe	humanoid01c
hu1c_wh3_kislev_gun_halberd	humanoid01c
hu1c_wh3_kislev_hr1_warhorse_dual_axe	humanoid01c
hu1c_wh3_kislev_hr1_warhorse_lance_and_shield	humanoid01c
hu1c_wh3_kislev_hr1_warhorse_lance_and_shield_gryphon	humanoid01c
hu1c_wh3_kislev_hr1_warhorse_sword_and_axe_yuri	humanoid01c
hu1c_wh3_kislev_pistol_2handed_mace	humanoid01c
hu1c_wh3_kislev_pistol_axe_and_shield	humanoid01c
hu1c_wh3_kislev_spear_and_bow	humanoid01c
hu1c_wh3_kislev_sword_and_axe_yuri	humanoid01c
hu1c_wh3_kislev_tsar_guard_2handed_sword	humanoid01c
hu1c_wh3_kislev_tsar_guard_sword_and_shield	humanoid01c
hu1c_wh3_kislev_wm_little_grom01_crew_01	humanoid01c
hu1c_wh3_kislev_wm_little_grom01_crew_02	humanoid01c
hu1c_wh3_kislev_wm_warsled01_driver	humanoid01c
hu1c_wh3_kislev_wm_warsled01_rifle_01	humanoid01c
hu1c_wh3_kislev_wm_warsled01_rifle_02	humanoid01c
hu1c_wh3_kislev_wm_warsled01_rifle_03	humanoid01c
hu1c_wh3_kislev_wm_warsled01_rifle_04	humanoid01c
hu1c_wulfrik_hq3_wb_sword_and_shield	humanoid01c
hu1d_alith_anar_glade_lord_sword_and_bow	humanoid01d
hu1d_alith_anar_glade_lord_sword_and_bow_decoy	humanoid01d
hu1d_def_2handed_sword	humanoid01d
hu1d_def_lord_sword_and_shield	humanoid01d
hu1d_def_spear_and_shield	humanoid01d
hu1d_def_sword_and_shield	humanoid01d
hu1d_dlc14_bc3_manticore_wb_beastmaster_spear_whip	humanoid01d
hu1d_dlc14_beastmaster_spear_whip	humanoid01d
hu1d_dlc14_hr1_pegasus_master_spear_shield	humanoid01d
hu1d_dlc14_hr1_warhorse_master_spear_shield	humanoid01d
hu1d_dlc14_malus_lord_sword	humanoid01d
hu1d_dlc14_master_spear_and_shield	humanoid01d
hu1d_dlc14_rakarth_spear_whip	humanoid01d
hu1d_dlc14_rp3_cold_one_malus_lord_sword	humanoid01d
hu1d_dlc14_tzarkan_sword	humanoid01d
hu1d_dlc14_wm_cold_one_chariot01_master_spear_shield	humanoid01d
hu1d_dlc14_wm_scourge_chariot01_beastmaster_spear_whip	humanoid01d
hu1d_dlc14_wm_scourge_chariot01_harpoon	humanoid01d
hu1d_dlc14_wm_scourge_chariot01_whip	humanoid01d
hu1d_dlc14_wm_scourge_chariot_harpoon_02	humanoid01d
hu1d_dlc15_eltharion_bc2_griffon_wb_spear_sword	humanoid01d
hu1d_dlc15_eltharion_hr1_warhorse_spear_sword	humanoid01d
hu1d_dlc15_eltharion_spear_sword	humanoid01d
hu1d_dlc15_prince_bc2_griffon_wb_sword_shield	humanoid01d
hu1d_dlc15_wm_lion_chariot01_whip	humanoid01d
hu1d_dlc15_wm_lion_chariot_2handed_axe	humanoid01d
hu1d_dlc15_yvresse_dual_sword	humanoid01d
hu1d_dlc16_st1_great_stag_spear_shield	humanoid01b
hu1d_dlc16_st1_great_stag_sword_bow	humanoid01d
hu1d_doomfire_hr1_warhorse_sword	humanoid01d
hu1d_elf_2handed_axe	humanoid01d
hu1d_elf_2handed_spear	humanoid01d
hu1d_elf_2handed_sword	humanoid01d
hu1d_elf_2handed_sword_crossbow	humanoid01d
hu1d_elf_bi1_eagle_wb_2handed_axe	humanoid01d
hu1d_elf_bi1_eagle_wb_halberd	humanoid01d
hu1d_elf_bi1_eagle_wb_sword_and_bow	humanoid01d
hu1d_elf_bi1_eagle_wb_sword_and_shield	humanoid01d
hu1d_elf_bi1_hawk_rider_sword_bow	humanoid01d
hu1d_elf_bi1_teclis_wb_staff_and_sword	humanoid01d
hu1d_elf_dr1_dragon_wb_2handed_axe	humanoid01d
hu1d_elf_dr1_dragon_wb_malekith_sword_and_shield	humanoid01d
hu1d_elf_dr1_dragon_wb_sword_and_bow	humanoid01d
hu1d_elf_dr1_dragon_wb_sword_and_crossbow	humanoid01d
hu1d_elf_dr1_dragon_wb_sword_and_shield	humanoid01d
hu1d_elf_dual_sword	humanoid01d
hu1d_elf_dual_sword_bow	humanoid01d
hu1d_elf_dual_sword_crossbow	humanoid01d
hu1d_elf_halberd	humanoid01d
hu1d_elf_halberd_ror	humanoid01d
hu1d_elf_hr1_pegasus_sword_crossbow	humanoid01d
hu1d_elf_hr1_warhorse_dreadlord_sword_crossbow	humanoid01d
hu1d_elf_hr1_warhorse_dual_sword	humanoid01d
hu1d_elf_hr1_warhorse_halberd	humanoid01d
hu1d_elf_hr1_warhorse_lance_sword	humanoid01d
hu1d_elf_hr1_warhorse_lance_sword_shield	humanoid01d
hu1d_elf_hr1_warhorse_spear	humanoid01d
hu1d_elf_hr1_warhorse_spear_shield	humanoid01d
hu1d_elf_hr1_warhorse_sword	humanoid01d
hu1d_elf_hr1_warhorse_sword_and_shield	humanoid01d
hu1d_elf_hr1_warhorse_sword_and_staff	humanoid01d
hu1d_elf_hr1_warhorse_sword_bow	humanoid01d
hu1d_elf_hr1_warhorse_sword_crossbow	humanoid01d
hu1d_elf_rp3_cold_one_lance_sword_shield	humanoid01d
hu1d_elf_rp3_cold_one_mace_shield	humanoid01d
hu1d_elf_rp3_cold_one_sword_crossbow	humanoid01d
hu1d_elf_rp3_cold_one_sword_shield	humanoid01d
hu1d_elf_spear_and_bow	humanoid01d
hu1d_elf_spear_and_shield	humanoid01d
hu1d_elf_spear_and_shield_bow	humanoid01d
hu1d_elf_st1_stag_spear_and_sword	humanoid01d
hu1d_elf_st1_stag_spear_shield	humanoid01d
hu1d_elf_staff_and_sword	humanoid01d
hu1d_elf_sword	humanoid01d
hu1d_elf_sword_and_bow	humanoid01d
hu1d_elf_sword_and_handbow	humanoid01d
hu1d_elf_sword_and_shield	humanoid01d
hu1d_elf_sword_crossbow	humanoid01d
hu1d_elf_sword_crossbow_shield	humanoid01d
hu1d_elf_wm_cold_one_chariot01_crossbow_01	humanoid01d
hu1d_elf_wm_cold_one_chariot01_crossbow_02	humanoid01d
hu1d_elf_wm_cold_one_chariot01_sword_and_shield	humanoid01d
hu1d_elf_wm_cold_one_chariot01_whip	humanoid01d
hu1d_elf_wm_tiranoc_chariot01_halberd	humanoid01d
hu1d_elf_wm_tiranoc_chariot01_spear	humanoid01d
hu1d_elf_wm_tiranoc_chariot01_sword_and_bow	humanoid01d
hu1d_elf_wm_tiranoc_chariot01_sword_and_bow2	humanoid01d
hu1d_elf_wm_tiranoc_chariot01_whip	humanoid01d
hu1d_glade_lord_sword_and_bow	humanoid01d
hu1d_hef_2handed_sword	humanoid01d
hu1d_hef_imrik_dlc15_halberd_horn	humanoid01d
hu1d_hef_imrik_dlc15_hr1_warhorse_lance_horn	humanoid01d
hu1d_hef_imrik_dlc15_wb_dr1_dragon_lance_horn	humanoid01d
hu1d_hef_lord_sword	humanoid01d
hu1d_hef_spear_and_shield	humanoid01d
hu1d_shadow_walkers_dual_sword_bow	humanoid01d
hu1d_twa03_wb_dr1_rakarth_spear_whip	humanoid01d
hu1d_waystalker_dual_sword_bow	humanoid01d
hu1d_welf_dual_sword_bow	humanoid01d
hu1d_welf_hr1_warhorse_sword_bow	humanoid01d
hu1d_welf_lord_hr1_warhorse_sword_bow	humanoid01d
hu1d_welf_sword_and_bow	humanoid01d
hu1e_blunderbuss_sword	humanoid01e
hu1e_bow_and_sword	humanoid01e
hu1e_crossbow_and_sword	humanoid01e
hu1e_crossbow_sword_and_shield	humanoid01e
hu1e_dragon_guard_crossbow_sword_and_shield	humanoid01e
hu1e_halberd	humanoid01e
hu1e_halberd_and_shield	humanoid01e
hu1e_hr1_warhorse_lance_and_shield	humanoid01e
hu1e_hr1_warhorse_mage_female_hero	humanoid01e
hu1e_hr1_warhorse_mage_hero	humanoid01e
hu1e_hr1_warhorse_mage_lord	humanoid01e
hu1e_hr1_warhorse_spear	humanoid01e
hu1e_hr1_warhorse_sword_lord	humanoid01e
hu1e_long_spear	humanoid01e
hu1e_mage_female_hero	humanoid01e
hu1e_mage_hero	humanoid01e
hu1e_mage_iron_dragon	humanoid01e
hu1e_mage_lord	humanoid01e
hu1e_mage_storm_dragon	humanoid01e
hu1e_skyjunk01_crew_gunner_01	humanoid01e
hu1e_skyjunk01_crew_gunner_02	humanoid01e
hu1e_skyjunk01_crew_gunner_03	humanoid01e
hu1e_skyjunk01_crew_gunner_04	humanoid01e
hu1e_skyjunk01_crew_pilot	humanoid01e
hu1e_skylantern01_crew_gunner_01	humanoid01e
hu1e_skylantern01_crew_gunner_02	humanoid01e
hu1e_skylantern01_crew_gunner_03	humanoid01e
hu1e_skylantern01_crew_gunner_04	humanoid01e
hu1e_skylantern01_crew_pilot	humanoid01e
hu1e_spear	humanoid01e
hu1e_sword	humanoid01e
hu1e_sword_and_shield	humanoid01e
hu1e_sword_lord	humanoid01e
hu1e_sword_shield_hero	humanoid01e
hu1e_warcompass01_mage_hero	humanoid01e
hu1e_weapon_team_rifle_and_shield	hu1e_team01
hu1e_wh3_cathay_hr1_longma_halberd_and_shield	humanoid01e
hu1e_wh3_cathay_hr1_longma_mage_lord	humanoid01e
hu1f_dlc16_ariel_staff	humanoid21
hu1g_wh3_dlc20_sword_flail_staff	humanoid01g
hu20_dlc16_drycha_enraged	humanoid20
hu20_dryads	humanoid20
hu21_treeman	humanoid21
hu21_treeman_staff	humanoid21
hu21_treeman_sword	humanoid21
hu2_orc_2handed_axe	humanoid02
hu2_orc_bi2_wyvern_wb_sword_and_axe	humanoid02
hu2_orc_bi2_wyvern_wb_sword_and_shield	humanoid02
hu2_orc_bo1_warboar_dual_swords	humanoid02
hu2_orc_bo1_warboar_spear	humanoid02
hu2_orc_bo1_warboar_staff_and_sword	humanoid02
hu2_orc_bo1_warboar_sword	humanoid02
hu2_orc_bo1_warboar_sword_and_shield	humanoid02
hu2_orc_dual_swords	humanoid02
hu2_orc_spear_and_shield	humanoid02
hu2_orc_staff_and_sword	humanoid02
hu2_orc_sword_and_axe	humanoid02
hu2_orc_sword_and_shield	humanoid02
hu2_orc_sword_bow	humanoid02
hu2_orc_wm_warboar_chariot01_spear	humanoid02
hu2_orc_wm_warboar_chariot01_sword_and_shield	humanoid02
hu2_orc_wm_warboar_chariot01_whip_and_spear	humanoid02
hu2_wurrzag_staff_and_sword	humanoid02
hu3_belegar_axe_and_shield	humanoid03
hu3_dlc23_bc2_lammasu_wb1_axe_pistol	humanoid03
hu3_dlc23_bc2_lammasu_wb1_axe_shield	humanoid03
hu3_dlc23_blunderbuss_2handed_axe	humanoid03
hu3_dlc23_blunderbuss_axe_shield	humanoid03
hu3_dlc23_castellan_rifle	humanoid03
hu3_dlc23_drazhoath_axe_sceptre	humanoid03
hu3_dlc23_infernal_guard_rifle	humanoid03
hu3_dlc23_ox1_taurus_wb1_axe_pistol	humanoid03
hu3_dlc23_ox1_taurus_wb1_axe_sceptre	humanoid03
hu3_dlc23_ox1_taurus_wb1_axe_shield	humanoid03
hu3_dlc23_sorcerer_prophet_axe_pistol	humanoid03
hu3_dlc23_wm_dreadquake_boilerman	humanoid03
hu3_dlc23_wm_dreadquake_boilerman_ror	humanoid03
hu3_dlc23_wm_iron_daemon_driver	humanoid03
hu3_dlc23_wm_iron_daemon_driver_ror	humanoid03
hu3_dlc23_wm_iron_daemon_fireman	humanoid03
hu3_dlc23_wm_iron_daemon_fireman_ror	humanoid03
hu3_dlc23_wm_skullcracker_driver	humanoid03
hu3_dlc23_wm_skullcracker_fireman	humanoid03
hu3_dlc23_zhatan_axe_shield	humanoid03
hu3_dragonfire_axe_and_shield	humanoid03
hu3_dwarf_2handed_axe	humanoid03
hu3_dwarf_2handed_axe_and_crossbow	humanoid03
hu3_dwarf_2handed_axe_and_rifle	humanoid03
hu3_dwarf_2handed_axe_and_throwing_axes	humanoid03
hu3_dwarf_2handed_axe_blasting_charges	humanoid03
hu3_dwarf_2handed_axe_ungrim	humanoid03
hu3_dwarf_2handed_hammer	humanoid03
hu3_dwarf_2handed_hammer_and_rifle	humanoid03
hu3_dwarf_2handed_hammer_infantry_hammerer	humanoid03
hu3_dwarf_axe_and_shield	humanoid03
hu3_dwarf_axe_and_shield_thane	humanoid03
hu3_dwarf_axe_shield_and_blasting_charges	humanoid03
hu3_dwarf_axe_shield_and_crossbow	humanoid03
hu3_dwarf_axe_shield_rifle	humanoid03
hu3_dwarf_drakegun	humanoid03
hu3_dwarf_dual_axe_slayer	humanoid03
hu3_dwarf_hammer	humanoid03
hu3_dwarf_throne_carrier	humanoid03
hu3_dwarf_trollhammer	humanoid03
hu3_pr7_gotrex_axe	humanoid03
hu3_runelord_hammer	humanoid03
hu3b_dlc23_astragoth_mech	humanoid03b
hu4_beastmen_giant_club	humanoid04
hu4_giant_club	humanoid04
hu4_giant_club_boss	humanoid04
hu4_norscan_giant_club	humanoid04
hu4b_troll_club	humanoid04b
hu4c_dlc15_stone_troll_2h_club	humanoid04c
hu4c_ice_troll_club	humanoid04c
hu4c_throgg_2handed_hammer	humanoid04c
hu4d_wh3_herald_of_nurgle_in1_rot_fly_sword	humanoid04d
hu4d_wh3_herald_of_nurgle_sword	humanoid04d
hu4d_wh3_nurgle_in1_rot_fly_sword	humanoid04d
hu4d_wh3_nurgle_in1_rot_fly_sword_death_heads	humanoid04d
hu4d_wh3_nurgle_plagueridden_sword	humanoid04d
hu4d_wh3_nurgle_sword	humanoid04d
hu4d_wh3_nurgle_sword_death_heads	humanoid04d
hu4d_wh3_nurgle_sword_on_palanquin	humanoid04d
hu4d_wh3_nurgle_to1_plague_toad_sword	humanoid04d
hu4e_dlc15_rogue_idol	humanoid04e
hu4f_dlc15_hag_staff_net	humanoid04f
hu4f_dlc15_river_troll_club	humanoid04d
hu5_dlc15_snotling_wm_pumpwagon01_spore01	humanoid05
hu5_dlc15_snotling_wm_pumpwagon01_spore02	humanoid05
hu5_dlc23_goblin_wf1_wolf_spear_shield_and_bow	humanoid05
hu5_dlc23_gorduz_axe_shield	humanoid05
hu5_dlc23_gorduz_wf1_wolf_axe_and_shield	humanoid05
hu5_goblin_ball_and_chain	humanoid05
hu5_goblin_dual_sword	humanoid05
hu5_goblin_rp2_squig_spear_and_shield	humanoid05
hu5_goblin_rp2_squig_sword	humanoid05
hu5_goblin_sp1_arachnarok_wb_bow	humanoid05
hu5_goblin_sp1_arachnarok_wb_spear	humanoid05
hu5_goblin_sp1_giant_spider_spear_and_shield	humanoid05
hu5_goblin_sp1_giant_spider_sword_and_bow	humanoid05
hu5_goblin_spear_and_shield	humanoid05
hu5_goblin_staff_and_sword	humanoid05
hu5_goblin_sword	humanoid05
hu5_goblin_sword_and_shield	humanoid05
hu5_goblin_sword_bow	humanoid05
hu5_goblin_wf1_wolf_spear_and_shield	humanoid05
hu5_goblin_wf1_wolf_staff_and_sword	humanoid05
hu5_goblin_wf1_wolf_sword_and_shield	humanoid05
hu5_goblin_wf1_wolf_sword_bow	humanoid05
hu5_goblin_wm_wolf_chariot01_bow	humanoid05
hu5_goblin_wm_wolf_chariot01_bow2	humanoid05
hu5_goblin_wm_wolf_chariot01_staff_and_sword	humanoid05
hu5_goblin_wm_wolf_chariot01_sword_and_shield	humanoid05
hu5_goblin_wm_wolf_chariot01_whip	humanoid05
hu5_pr09_wb_sp1_arachnarok_staff_and_sword	humanoid05
hu5_wh3_gnoblar_throwing_knives	humanoid05
hu6_gor_2handed_axe	humanoid06
hu6_gor_axe_and_shield	humanoid06
hu6_gor_dual_axe	humanoid06
hu6_gor_staff_and_sword	humanoid06
hu6_gor_sword_and_claw_morghur	humanoid06
hu6_gor_sword_and_whip	humanoid06
hu6_gor_wm_razorgor_chariot_dual_axe	humanoid06
hu6_gor_wm_razorgor_chariot_spear	humanoid06
hu6_gor_wm_razorgor_chariot_staff_and_sword	humanoid06
hu6_gor_wm_razorgor_chariot_sword_and_whip	humanoid06
hu6_gor_wm_razorgor_chariot_whip	humanoid06
hu6_malagor_flight_staff_and_sword	humanoid06
hu6_malagor_staff_and_sword	humanoid06
hu6b_ungor_axe_and_bow	humanoid06b
hu6b_ungor_axe_and_shield	humanoid06b
hu6b_ungor_spear	humanoid06b
hu6b_ungor_spear_and_shield	humanoid06b
hu6c_orion_2handed_spear	humanoid06c
hu6e_ushabti_dual_swords	humanoid06e
hu6e_ushabti_sword_and_bow	humanoid06e
hu6f_wh3_bloodletters_2handed_sword	humanoid06f
hu6f_wh3_bloodletters_exalted_2handed_sword	humanoid06f
hu6f_wh3_bloodreaper_2handed_sword	humanoid06f
hu6f_wh3_herald_2handed_sword	humanoid06f
hu6f_wh3_herald_hq4_juggernaught_2handed_sword	humanoid06f
hu6f_wh3_herald_wm_bloodshrine_01_2handed_sword	humanoid06f
hu6f_wh3_herald_wm_bloodthrone_01_2handed_sword	humanoid06f
hu6g_wh3_dlc20_azazel_sword	humanoid06g
hu7_dlc12_skink_2h_greatweapon	humanoid07
hu7_dlc12_skink_bi3_terradon_2h_greatweapon	humanoid07
hu7_dlc12_skink_bi3_terradon_sword_and_plaque	humanoid07
hu7_dlc12_skink_bi3_terradon_tiktaqto_sword	humanoid07
hu7_dlc12_skink_chief_2h_greatweapon	humanoid07
hu7_dlc12_skink_hq1_stegadon_wb_sword_and_plaque	humanoid07
hu7_dlc12_skink_rp3_cold_one_chief_2h_greatweapon	humanoid07
hu7_dlc12_skink_rp3_cold_one_sword_and_plaque	humanoid07
hu7_dlc12_skink_sword_and_plaque	humanoid07
hu7_dlc12_skink_tiktaqto_sword	humanoid07
hu7_dlc17_oxyotl_blowpipe	humanoid07
hu7_dlc17_rp3b_wb_oracle_club	humanoid07
hu7_skink_bi3_ripperdactyl_javelin	humanoid07
hu7_skink_bi3_terradon_club_blowpipe	humanoid07
hu7_skink_bi3_terradon_fireleech_bolas	humanoid07
hu7_skink_bi3_terradon_javelin	humanoid07
hu7_skink_bi3_terradon_staff_and_club	humanoid07
hu7_skink_club	humanoid07
hu7_skink_club_and_blowpipe	humanoid07
hu7_skink_club_and_shield	humanoid07b
hu7_skink_club_javelin_shield	humanoid07
hu7_skink_hq1_bastilidon_wb_javelin	humanoid07
hu7_skink_hq1_bastilidon_wb_javelin_02	humanoid07
hu7_skink_hq1_bastilidon_wb_javelin_02_b	humanoid07
hu7_skink_hq1_bastilidon_wb_javelin_b	humanoid07
hu7_skink_hq1_stegadon_wb_giant_blowpipe	humanoid07
hu7_skink_hq1_stegadon_wb_giant_blowpipe_02	humanoid07
hu7_skink_hq1_stegadon_wb_javelin	humanoid07
hu7_skink_staff_and_club	humanoid07
hu7b_dlc13_saurus_gor_rok_club	humanoid07b
hu7b_saurus_club	humanoid07b
hu7b_saurus_club_and_shield	humanoid07b
hu7b_saurus_halberd_and_shield	humanoid07b
hu7b_saurus_lord_spear	humanoid07b
hu7b_saurus_rp3_cold_one_club_and_shield	humanoid07b
hu7b_saurus_rp3_cold_one_spear_and_shield	humanoid07b
hu7b_saurus_rp3b_carnosaur_wb_club_and_shield	humanoid07b
hu7b_saurus_spear	humanoid07b
hu7b_saurus_spear_and_shield	humanoid07b
hu7c_dlc13_kroxigor_ancient_2handed_axe	humanoid07c
hu7c_dlc13_kroxigor_gauntlets	humanoid07c
hu7c_dlc13_kroxigor_nakai_club	humanoid07c
hu7c_kroxigor_2handed_axe	humanoid07c
hu7d_fimir_2handed_axe	humanoid07d
hu7d_fimir_2handed_staff	humanoid07d
hu7d_fimir_dual_axes	humanoid07d
hu7d_fimir_ror_dual_axes	humanoid07d
hu8_crypt_horror_club	humanoid08
hu8_skin_wolf	humanoid08
hu8_strigoi	humanoid08
hu8_strigoi_bi2_terrorgheist_wb	humanoid08
hu8_werekin_dual_axe	humanoid08
hu8b_vargheist	humanoid08b
hu8b_varghulf	humanoid08b
hu8c_ghoul_club	humanoid08c
hu8d_wh3_gorger	humanoid08d
hu9_dlc12_kroak	humanoid09
hu9_slann_mace	humanoid09
hu9_slann_wm_platform01_mace	humanoid09
hu9b_wh3_exalted_great_unclean_one	humanoid09b
hu9b_wh3_great_unclean_one_sword	humanoid09b
hu9b_wh3_nurgle_kugath	humanoid09b
in1_wh3_rot_fly	insect01
lz1_dlc12_ancient_salamander	lizard01
lz1_dlc12_salamander	lizard01
lz1_dlc13_razordon	lizard01
mt1_wh3_screamers	mantaray01
ngsw1_wh3_nurglingswarm1	nurglingswarm01
ox1_dlc23_taurus	oxen01
ox1_dlc23_taurus_cages	oxen01
ox1_wh3_cathay_oxen_draught	oxen01
pl1_wh3_nurgle_palanquin01	palanquin01
pl2_wh3_nurgle_kugathpalanquin01	kugathpalanquin01
ra1b_doomwheel01	rat01b
rigid_root_1	rigid_root
rigid_root_rider_1	rigid_root
rp1_steed_of_slaanesh	raptor01
rp1_wh3_steed_of_slaanesh_draught	raptor01
rp2_great_cave_squig	raptor02
rp2_squig_herd	raptor02
rp2_squig_hopper	raptor02
rp3_cold_one	raptor03
rp3_cold_one_draught	raptor03
rp3_cold_one_malus	raptor03
rp3b_carnosaur	raptor03b
rp3b_carnosaur_boss	raptor03b
rp3b_dlc17_troglodon	raptor03b
rp4_dlc13_dread_saurian	raptor04
rp4_dlc13_dread_saurian_howdaah	raptor04
rt1_dlc16_brood_horror	rat01b
rt1b_doomwheel01	rat01b
sc1_scorpion01	scorpion01
sj1_wh3_skyjunk01	skyjunk01
sj1_wh3_skylantern01	skyjunk01
sk1_skarsnik_and_gobbla	skarsnik01
skv1_dlc12_weapon_team03	skaventeam01
skv1_dlc14_weapon_team_grinder01	skaventeam01
skv1_weapon_team01	skaventeam01
skv1_weapon_team02	skaventeam01
skv2_dlc14_weapon_team_mortar01	skaventeam02
sn1_khalida_serpent	snake01
sn1_sepulchral_stalker_halberd	snake01
sn1_serpent	snake01
sn2_dlc14_medusa_2h_halberd	snake02
sn2_dlc14_wm_bloodwrack_shrine01_medusa_2h_halberd	snake02
sn2b_dlc23_kdaai_fireborn_axe	snake02b
sp1_arachnarok	spider01
sp1_giant_spider	spider01
st1_dlc16_great_stag	stag01
st1_stag	stag01
th1_dwarf_anvil_of_doom	throne01
th1_dwarf_throneofpower	throne01
th2_greasus_club	throne02
to1_wh3_plague_toad	toad01
wf1_chaos_poison_warhound	wolf01
wf1_dire_wolf	wolf01
wf1_dlc16_wolf_rat	wolf01
wf1_giant_wolf	wolf01
wf1_giant_wolf_draught	wolf01
wf1_norscan_giant_wolf	wolf01
wf1_norscan_giant_wolf_draught	wolf01
wm_arkhan_tomb_chariot01	tombchariot01
wm_blood_cauldron01	bloodcauldron01
wm_boar_chariot01	chariot01
wm_bolt_thrower01	boltthrower01
wm_bolt_thrower01b	boltthrower01b
wm_bolt_thrower02	boltthrower02
wm_cannon01	cannon01
wm_carriage01	carriage01
wm_casket_souls01	centaur01
wm_catapult01	centaur01
wm_chaos_chariot01	chaoschariot01
wm_cold_one_chariot01	coldonechariot01
wm_corpsecart01	corpsecart01
wm_corpsecart01_balefire	corpsecart01
wm_corpsecart01_helman	corpsecart01
wm_corpsecart01_lodestone	corpsecart01
wm_cst_queenbess01	queenbess01
wm_dlc12_doomflayer01	doomflayer01
wm_dlc13_wagon01	wagon01
wm_dlc13_wagon01_hellblaster	wagon01
wm_dlc13_wagon01_mortar	wagon01
wm_dlc14_scourge_chariot01	coldonechariot01
wm_dlc15_gromchariot01	gromchariot01
wm_dlc15_lion_chariot01	tiranocchariot01
wm_dlc15_pumpwagon01_flappa	pumpwagon01
wm_dlc15_pumpwagon01_rolla	pumpwagon01
wm_dlc15_wagon02_pump	pumpwagon01
wm_dlc23_cannon02_deathshrieker	cannon02
wm_dlc23_cannon02_deathshrieker_towed	cannon02
wm_dlc23_cannon02_deathshrieker_towed_ror	cannon02
wm_dlc23_cannon02_magma_cannon	cannon02
wm_dlc23_cannon02_magma_cannon_towed	cannon02
wm_dlc23_cannon02_magma_cannon_towed_ror	cannon02
wm_dlc23_dreadquake01	dreadquake01
wm_dlc23_dreadquake_mortar01	dreadquakemortar01
wm_dlc23_dreadquake_mortar01_ror	dreadquakemortar01
wm_dlc23_loco01_iron_daemon	locomotive01
wm_dlc23_loco01_iron_daemon_flamethrower	locomotive01
wm_dlc23_loco01_skullcracker	locomotive01
wm_dlc23_smokestack	humanoid03
wm_doomdivercatapult01	doomdivercatapult01
wm_doomwheel01	doomwheel01
wm_doomwheel_warp_lightning01	rigid_root
wm_flame_cannon01	flamecannon01
wm_grand_cannon_01_cannon	grandcannon01
wm_grand_cannon_01_rocket	grandcannon01
wm_great_cannon01	greatcannon01
wm_grudge_thrower	grudgethrower01
wm_gyrobomber01	gyrobomber01
wm_gyrocopter01	gyrocopter01
wm_helblaster01	helblaster01
wm_hellcannon01	hellcannon01
wm_hellcannon01_ice	hellcannon01
wm_hellcannon01_ror	hellcannon01
wm_helstorm01	helstorm01
wm_helstorm01_sunmaker	helstorm01
wm_kho_chaos_chariot01	chaoschariot01
wm_kroak_platform01	platform01
wm_lightning_cannon01	lightningcannon01
wm_luminark_of_hysh01	luminark01
wm_mortar01	mortar01
wm_mortisengine01	mortisengine01
wm_mortisengine01_nagash	mortisengine01
wm_nur_chaos_chariot01	chaoschariot01
wm_organ_gun01	organgun01
wm_plagueclaw_catapult01	plagueclawcatapult01
wm_platform01	platform01
wm_rock_lobber01	rocklobber01
wm_screamingbell01	screamingbell01
wm_screamingbell01_plaguefurnace	screamingbell01
wm_sla_chaos_chariot01	chaoschariot01
wm_steam_tank01	steamtank01
wm_steam_tank_turret01	steamtank01turret01
wm_test_iron_daemon_train	irondaemontrain01
wm_tiranoc_chariot01	tiranocchariot01
wm_tomb_chariot01	tombchariot01
wm_trebuchet01	trebuchet01
wm_trebuchet01_blessed	trebuchet01
wm_tze_chaos_chariot01	chaoschariot01
wm_war_altar01	luminark01
wm_wh3_blood_throne01	bloodthrone01
wm_wh3_burning_chariot01	burningchariot01
wm_wh3_ironblaster_01	scraplauncher01
wm_wh3_little_grom01	luminark01
wm_wh3_scraplauncher_01	scraplauncher01
wm_wh3_seeker_chariot01	seekerchariot01
wm_wh3_skullcannon_blood_throne01	bloodthrone01
wm_wh3_warcompass01	warcompass01
wm_wh3_warsled01	wagon01
wm_wolf_chariot01	wolfchariot01
wsh1_wh3_dlc20_warshrine	warshrine01
