key	precursor	default_projectile	audio_type	use_secondary_ammo_pool
#missile_weapons_tables;11;db/missile_weapons_tables/data__				
placeholder	false	placeholder		false
wh2_cst_deck_gunner_rifle	false	wh2_cst_rifle_deck_gunner_bullet	deck_gunner_cannon	false
wh2_cst_deck_gunner_rifle_ror	false	wh2_cst_rifle_deck_gunner_bullet_ror	deck_gunner_cannon_RoR	false
wh2_cst_necrofex_colossus_cannon	false	wh2_cst_necrofex_colossus_cannon_ball		false
wh2_cst_necrofex_colossus_flame_cannon	false	wh2_cst_necrofex_colossus_flame		false
wh2_dlc09_tmb_bow_chariot	false	wh2_tmb_skeleton_arrow_chariot	bow	false
wh2_dlc09_tmb_bow_horse	false	wh2_tmb_skeleton_arrow_mounted	bow	false
wh2_dlc09_tmb_bow_skeleton	false	wh2_tmb_skeleton_arrow	bow	false
wh2_dlc09_tmb_bow_skeleton_ror	false	wh2_tmb_skeleton_arrow_ror	bow	false
wh2_dlc09_tmb_bow_ushabti	false	wh2_tmb_ushabti_bolt	bow_large	false
wh2_dlc09_tmb_bow_warsphinx	false	wh2_dlc09_tmb_warsphinx_arrow	bow	false
wh2_dlc09_tmb_casket_of_souls	false	wh2_dlc09_casket_of_souls		false
wh2_dlc09_tmb_scorpion_tail	false	wh_main_spell_fire_fireball	none	false
wh2_dlc09_tmb_screaming_skull	false	wh2_dlc09_tmb_skull_projectile	catapult_screaming_skull	false
wh2_dlc09_tmb_stalker_gaze	false	wh2_dlc09_tmb_stalker_gaze		false
wh2_dlc09_tmb_stalker_gaze_ror	false	wh2_dlc09_tmb_stalker_gaze_ror		false
wh2_dlc09_tmb_ushabti_bolt_ror	false	wh2_dlc09_tmb_ushabti_bolt_ror	bow_large	false
wh2_dlc10_hef_alith_anar_arrow	false	wh2_dlc10_hef_alith_anar_arrow	bow_LH	false
wh2_dlc10_hef_alith_anar_mirror_arrow	false	wh2_dlc10_hef_alith_anar_mirror_arrow	bow_LH	false
wh2_dlc10_hef_alith_anar_mirror_arrow_upgraded	false	wh2_dlc10_hef_alith_anar_mirror_arrow_upgraded	bow_LH	false
wh2_dlc10_hef_longbow_arrow_everqueen_court_guard	false	wh2_dlc10_hef_longbow_arrow_everqueen_court_guard	bow	false
wh2_dlc10_hef_longbow_arrow_handmaiden	false	wh2_dlc10_hef_longbow_arrow_handmaiden	bow_LH	false
wh2_dlc10_hef_longbow_arrow_shadow	false	wh2_dlc10_hef_longbow_arrow_shadow	bow	false
wh2_dlc10_hef_longbow_arrow_shadow_walker	false	wh2_dlc10_hef_longbow_arrow_shadow_walker	bow	false
wh2_dlc10_hef_longbow_arrow_sisters	false	wh2_dlc10_hef_longbow_arrow_sisters	bow	false
wh2_dlc10_tmb_bone_giant_bow	false	wh2_dlc10_tmb_bone_giant_arrow		false
wh2_dlc11_cst_bomb_deck_droppers	false	wh2_dlc11_cst_bomb_deck_droppers		false
wh2_dlc11_cst_bomb_deck_droppers_ror	false	wh2_dlc11_cst_bomb_deck_droppers_ror		false
wh2_dlc11_cst_bombs	false	wh2_dlc11_cst_bomb		false
wh2_dlc11_cst_carronade	false	wh2_dlc11_cst_carronade_cannon_ball	great_cannon	false
wh2_dlc11_cst_deck_dropper_pistol	false	wh2_dlc11_cst_pistol_deck_dropper_bullet	pistol	false
wh2_dlc11_cst_deck_dropper_rifle	false	wh2_dlc11_cst_rifle_deck_dropper_bullet	repeater_rifle	false
wh2_dlc11_cst_handcannon	false	wh2_cst_handcannon_bullet	hand_cannon	false
wh2_dlc11_cst_handcannon_promethean	false	wh2_cst_handcannon_bullet	hand_cannon	false
wh2_dlc11_cst_luthor_harkon_pistol	false	wh2_dlc11_cst_luthor_harkon_pistol	pistol_LH	false
wh2_dlc11_cst_luthor_harkon_pistol_explosive	false	wh2_dlc11_cst_luthor_harkon_pistol_explosive	pistol_LH	false
wh2_dlc11_cst_mortar	false	wh2_dlc11_cst_mortar_shell	mortar	false
wh2_dlc11_cst_pistol	false	wh2_dlc11_cst_pistol_bullet	pistol	false
wh2_dlc11_cst_queen_bess	false	wh2_dlc11_cst_queen_bess	queen_bess	false
wh2_dlc11_cst_rifle	false	wh2_cst_rifle_bullet	repeater_rifle	false
wh2_dlc11_cst_rifle_promethean	false	wh2_cst_rifle_bullet	repeater_rifle	false
wh2_dlc11_cst_rifle_rider	false	wh2_cst_rifle_bullet	repeater_rifle	true
wh2_dlc11_cst_vampire_fleet_admiral_female_pistol	false	wh2_dlc11_cst_vampire_fleet_admiral_female_pistol	pistol_LH	false
wh2_dlc11_cst_vampire_fleet_admiral_female_pistol_blunderbuss	false	wh2_dlc11_cst_vampire_fleet_captain_pistol_blunderbuss	pistol_LH	false
wh2_dlc11_cst_vampire_fleet_captain_pistol	false	wh2_dlc11_cst_vampire_fleet_captain_pistol	pistol_LH	false
wh2_dlc11_gunnery_wight_rifle_bullet	false	wh2_dlc11_gunnery_wight_rifle_bullet	repeater_rifle_LH	false
wh2_dlc11_gunnery_wight_rifle_bullet_blunderbuss	false	wh2_dlc11_gunnery_wight_rifle_bullet_blunderbuss	repeater_rifle_LH	false
wh2_dlc12_lzd_salamander_flame	false	wh2_dlc12_lzd_salamander_flame		false
wh2_dlc12_lzd_salamander_flame_blessed	false	wh2_dlc12_lzd_salamander_flame_blessed		false
wh2_dlc12_lzd_salamander_flame_large	false	wh2_dlc12_lzd_salamander_flame_large		false
wh2_dlc12_lzd_salamander_flame_large_blessed	false	wh2_dlc12_lzd_salamander_flame_large_blessed		false
wh2_dlc12_lzd_salamander_ror_flame	false	wh2_dlc12_lzd_salamander_ror_flame		false
wh2_dlc12_skv_doomwheel_warp_lightning_alt	false	wh2_dlc12_skv_doomwheel_warp_lightning_alt		false
wh2_dlc12_skv_doomwheel_warp_lightning_ikit	false	wh2_dlc12_skv_doomwheel_warp_lightning_ikit		false
wh2_dlc12_skv_doomwheel_warp_lightning_ikit_alt	false	wh2_dlc12_skv_doomwheel_warp_lightning_ikit_alt		false
wh2_dlc12_skv_doomwheel_warp_lightning_ror	false	wh2_dlc12_skv_doomwheel_warp_lightning_ror		false
wh2_dlc12_skv_ikit_warpfire	false	wh2_dlc12_skv_ikit_warpfire	wh2_dlc12_ikit_warpfiregun	false
wh2_dlc12_skv_ikit_warpfire_alt	false	wh2_dlc12_skv_ikit_warpfire_alt	wh2_dlc12_ikit_warpfiregun	false
wh2_dlc12_skv_ratling_gun_bullet	false	wh2_dlc12_skv_ratling_gun_bullet	wh2_dlc12_ratling_gun	false
wh2_dlc12_skv_ratling_gun_bullet_lab_ror	false	wh2_dlc12_skv_ratling_gun_bullet_lab_ror	wh2_dlc12_ratling_gun	false
wh2_dlc12_skv_ratling_gun_ror_bullet	false	wh2_dlc12_skv_ratling_gun_bullet_ror	wh2_dlc12_ratling_gun	false
wh2_dlc12_skv_warp_jezzails	false	wh2_dlc12_skv_warp_jezzails_bullet	wh2_dlc12_warplock_jezzails	false
wh2_dlc12_skv_warp_jezzails_lab_ror	false	wh2_dlc12_skv_warp_jezzails_bullet_lab_ror	wh2_dlc12_warplock_jezzails	false
wh2_dlc12_skv_warp_jezzails_ror	false	wh2_dlc12_skv_warp_jezzails_bullet_ror	wh2_dlc12_warplock_jezzails	false
wh2_dlc12_skv_warp_lightning_ror	false	wh2_dlc12_skv_warp_lightning_ror		false
wh2_dlc12_skv_warpfire_alt	false	wh2_dlc12_skv_warpfire_alt	warpfiregun	false
wh2_dlc13_emp_bow_archers	false	wh2_dlc13_emp_bow_arrow	bow	false
wh2_dlc13_emp_bow_archers_deathjacks	false	wh2_dlc13_emp_bow_arrow_deathjacks	bow	false
wh2_dlc13_emp_bow_arrow_anti_large	false	wh2_dlc13_emp_bow_arrow_anti_large	bow	false
wh2_dlc13_emp_bow_arrow_double_shot	false	wh2_dlc13_emp_bow_arrow_double_shot	bow	false
wh2_dlc13_emp_bow_arrow_heavy_headed	false	wh2_dlc13_emp_bow_arrow_heavy_headed	bow	false
wh2_dlc13_emp_bow_arrow_huntsman_anti_large	false	wh2_dlc13_emp_bow_arrow_huntsman_anti_large	bow	false
wh2_dlc13_emp_bow_huntsmen	false	wh2_dlc13_emp_bow_arrow_huntsman	bow	false
wh2_dlc13_emp_bow_huntsmen_white_wolves	false	wh2_dlc13_emp_bow_arrow_huntsman_white_wolves	bow	false
wh2_dlc13_emp_crossbow_ror	false	wh2_dlc13_emp_crossbow_bolt_ror	crossbow	false
wh2_dlc13_emp_crossbow_stir_river_patrol	false	wh2_dlc13_emp_crossbow_bolt_stir_river_patrol	crossbow	false
wh2_dlc13_emp_grenade_launcher_bordermen	false	wh2_dlc13_emp_grenade_bordermen	grenade_launcher	false
wh2_dlc13_emp_helblaster_volley_gun_bullet_war_wagon	false	wh2_dlc13_emp_helblaster_volley_gun_bullet_war_wagon	gatling_gun	false
wh2_dlc13_emp_helblaster_volley_gun_bullet_war_wagon_upgraded	false	wh2_dlc13_emp_helblaster_volley_gun_bullet_war_wagon_upgraded	gatling_gun	false
wh2_dlc13_emp_huntsmarshal_arrow	false	wh2_dlc13_emp_huntsmarshal_arrow	bow_LH	false
wh2_dlc13_emp_markus_wulfhart_arrow	false	wh2_dlc13_emp_markus_wulfhart_arrow	bow_LH	false
wh2_dlc13_emp_mortar_shell_war_wagon	false	wh2_dlc13_emp_mortar_shell_war_wagon	mortar	false
wh2_dlc13_emp_mortar_sootson	false	wh2_dlc13_emp_mortar_shell_sootson	mortar	false
wh2_dlc13_emp_pistol_noble_sons	false	wh2_dlc13_emp_pistol_bullet_noble_sons	pistol	false
wh2_dlc13_emp_rifle_surefires	false	wh2_dlc13_emp_rifle_bullet_surefires	repeater_gun	false
wh2_dlc13_emp_rifle_surefires_upgraded	false	wh2_dlc13_emp_rifle_bullet_surefires_exploding	repeater_gun	false
wh2_dlc13_emp_rifle_war_wagons	false	wh2_dlc13_emp_rifle_war_wagons_bullet	repeater_gun	false
wh2_dlc13_emp_steam_tank_cannon_ball_emperors_wrath	false	wh2_dlc13_emp_steam_tank_cannon_ball_emperors_wrath		false
wh2_dlc13_emp_steam_tank_steam_gun_burnt	false	wh2_dlc13_emp_steam_tank_steam_shot_burnt	steamgun_tank	true
wh2_dlc13_huntsmarshall_obsinite_gyrocopter_steam_gun	false	wh2_dlc13_huntsmarshall_obsinite_gyrocopter_steam_shot	steamgun_copter	false
wh2_dlc13_lzd_razordon_spike	false	wh2_dlc13_lzd_razordon_spike	razordon_spike	false
wh2_dlc13_lzd_razordon_spike_ror	false	wh2_dlc13_lzd_razordon_spike_ror	razordon_spike	false
wh2_dlc14_def_harpoon_scourgerunner_chariot	false	wh2_dlc14_def_harpoon_scourgerunner_chariot	crossbow	false
wh2_dlc14_def_harpoon_scourgerunner_chariot_mount	false	wh2_dlc14_def_harpoon_scourgerunner_chariot_mount	wh2_dlc14_scourge_harpoon	false
wh2_dlc14_def_harpoon_scourgerunner_chariot_ror	false	wh2_dlc14_def_harpoon_scourgerunner_chariot_ror	crossbow	false
wh2_dlc14_def_medusa_gaze	false	wh2_dlc14_def_medusa_gaze	wh2_dlc14_medusa_gaze	false
wh2_dlc14_def_veh_bloodwrack_shrine_throwing_dagger	false	wh2_dlc14_def_veh_cauldron_of_blood_throwing_dagger		true
wh2_dlc14_def_veh_cauldron_of_blood_throwing_dagger	false	wh2_dlc14_def_veh_cauldron_of_blood_throwing_dagger		false
wh2_dlc14_skv_death_globe_alt	false	wh2_dlc14_skv_death_globe_alt	globe	false
wh2_dlc14_skv_poison_wind_globe_alt	false	wh2_dlc14_skv_poison_wind_globe_alt	globe	false
wh2_dlc14_skv_poison_wind_mortar	false	wh2_dlc14_skv_poison_wind_mortar_globe	poison_wind_mortar	false
wh2_dlc14_skv_poison_wind_mortar_alt	false	wh2_dlc14_skv_poison_wind_mortar_globe_alt	poison_wind_mortar	false
wh2_dlc14_skv_poison_wind_mortar_ror	false	wh2_dlc14_skv_poison_wind_mortar_globe_ror	poison_wind_mortar	false
wh2_dlc14_skv_poison_wind_mortar_ror_alt	false	wh2_dlc14_skv_poison_wind_mortar_globe_ror_alt	poison_wind_mortar	false
wh2_dlc14_skv_throwing_stars_master_assassin	false	wh2_dlc14_skv_throwing_star_master_assassin		false
wh2_dlc15_grn_goblin_arrow_fire_lava_spider_mounted	false	wh2_dlc15_grn_goblin_arrow_fire_lava_spider_mounted	bow	false
wh2_dlc15_grn_goblin_bow_anti_large_arrow	false	wh2_dlc15_grn_goblin_bow_anti_large_arrow	bow	false
wh2_dlc15_grn_goblin_bow_ap_arrow	false	wh2_dlc15_grn_goblin_bow_ap_arrow	bow	false
wh2_dlc15_grn_goblin_bow_explosive_arrow	false	wh2_dlc15_grn_goblin_bow_explosive_arrow	bow	false
wh2_dlc15_grn_goblin_bow_fire_arrow	false	wh2_dlc15_grn_goblin_bow_fire_arrow	bow	false
wh2_dlc15_grn_goblin_bow_multi_shot	false	wh2_dlc15_grn_goblin_bow_multi_shot	bow	false
wh2_dlc15_grn_goblin_bow_poison_anti_large_arrow	false	wh2_dlc15_grn_goblin_bow_poison_anti_large_arrow	bow	false
wh2_dlc15_grn_goblin_bow_poison_ap_arrow	false	wh2_dlc15_grn_goblin_bow_poison_ap_arrow	bow	false
wh2_dlc15_grn_goblin_bow_poison_explosive_arrow	false	wh2_dlc15_grn_goblin_bow_poison_explosive_arrow	bow	false
wh2_dlc15_grn_goblin_bow_poison_fire_arrow	false	wh2_dlc15_grn_goblin_bow_poison_fire_arrow	bow	false
wh2_dlc15_grn_goblin_bow_poison_multi_shot	false	wh2_dlc15_grn_goblin_bow_poison_multi_shot	bow	false
wh2_dlc15_grn_goblin_bow_poison_spider_rider_anti_large_arrow	false	wh2_dlc15_grn_goblin_bow_poison_spider_rider_anti_large_arrow	bow	false
wh2_dlc15_grn_goblin_bow_poison_spider_rider_ap_arrow	false	wh2_dlc15_grn_goblin_bow_poison_spider_rider_ap_arrow	bow	false
wh2_dlc15_grn_goblin_bow_poison_spider_rider_explosive_arrow	false	wh2_dlc15_grn_goblin_bow_poison_spider_rider_explosive_arrow	bow	false
wh2_dlc15_grn_goblin_bow_poison_spider_rider_fire_arrow	false	wh2_dlc15_grn_goblin_bow_poison_spider_rider_fire_arrow	bow	false
wh2_dlc15_grn_goblin_bow_poison_spider_rider_multi_shot	false	wh2_dlc15_grn_goblin_bow_poison_spider_rider_multi_shot	bow	false
wh2_dlc15_grn_goblin_bow_wolf_riders_anti_large_arrow	false	wh2_dlc15_grn_goblin_bow_wolf_riders_anti_large_arrow	bow	false
wh2_dlc15_grn_goblin_bow_wolf_riders_ap_arrow	false	wh2_dlc15_grn_goblin_bow_wolf_riders_ap_arrow	bow	false
wh2_dlc15_grn_goblin_bow_wolf_riders_explosive_arrow	false	wh2_dlc15_grn_goblin_bow_wolf_riders_explosive_arrow	bow	false
wh2_dlc15_grn_goblin_bow_wolf_riders_fire_arrow	false	wh2_dlc15_grn_goblin_bow_wolf_riders_fire_arrow	bow	false
wh2_dlc15_grn_goblin_bow_wolf_riders_multi_shot	false	wh2_dlc15_grn_goblin_bow_wolf_riders_multi_shot	bow	false
wh2_dlc15_grn_lava_arachnarok_rider_arrow_fire	false	wh2_dlc15_grn_lava_arachnarok_rider_arrow_fire	bow	false
wh2_dlc15_grn_pumpwagon_spore	false	wh2_dlc15_grn_pumpwagon_spore		false
wh2_dlc15_hef_black_dragon_breath_imrik	false	wh2_dlc15_hef_black_dragon_breath_imrik		false
wh2_dlc15_hef_longbow_arrow_flaming	false	wh2_dlc15_hef_longbow_arrow_flaming	bow	false
wh2_dlc15_hef_longbow_arrow_sentinel	false	wh2_dlc15_hef_longbow_arrow_sentinel	bow	false
wh2_dlc15_hef_longbow_arrow_skyhawks	false	wh2_dlc15_hef_longbow_arrow_skyhawks	bow	false
wh2_dlc15_hef_longbow_arrow_spireguard	false	wh2_dlc15_hef_longbow_arrow_spireguard	bow	false
wh2_dlc15_hef_sun_dragon_breath_imrik	false	wh2_dlc15_hef_sun_dragon_breath_imrik		false
wh2_dlc15_rogue_idol_ror	false	wh_dlc15_grn_rogue_idol_ror_boulder		false
wh2_dlc16_hef_sisters_of_twilight_bow	false	wh2_dlc16_wef_talon_of_dawn_arrow	bow_LH	false
wh2_dlc16_wef_talon_of_dusk_bow	false	wh2_main_hef_eagle_claw_bolt	bow_LH	false
wh2_dlc17_bst_centigor_throwing_axe_ror	false	wh2_dlc17_bst_centigor_throwing_axe_ror		false
wh2_dlc17_dwf_master_engineer_grudge_raker_bullet	false	wh2_dlc17_dwf_master_engineer_rifle_bullet_shotgun	repeater_gun_LH	false
wh2_dlc17_dwf_master_engineer_grudge_raker_bullet_magical	false	wh2_dlc17_dwf_master_engineer_rifle_bullet_shotgun_magical	repeater_gun_LH	false
wh2_dlc17_dwf_master_engineer_rifle_bullet_sniper	false	wh2_dlc17_dwf_master_engineer_rifle_bullet_sniper	repeater_gun_LH	false
wh2_dlc17_dwf_master_engineer_rifle_bullet_sniper_magical	false	wh2_dlc17_dwf_master_engineer_rifle_bullet_sniper_magical	repeater_gun_LH	false
wh2_dlc17_emp_free_company_pistol_blessed	false	wh2_dlc17_emp_free_company_pistol_bullet_blessed	pistol	false
wh2_dlc17_lzd_blowpipe_chamelon_stalkers	true	wh2_dlc17_lzd_blowpipe_chamelon_stalkers	blowpipe	false
wh2_dlc17_lzd_blowpipe_chamelon_stalkers_blessed	true	wh2_dlc17_lzd_blowpipe_chamelon_stalkers_blessed	blowpipe	false
wh2_dlc17_lzd_blowpipe_chamelon_stalkers_daemonbane	true	wh2_dlc17_lzd_blowpipe_chamelon_stalkers_daemonbane	blowpipe	false
wh2_dlc17_lzd_blowpipe_chamelon_stalkers_daemonbane_blessed	true	wh2_dlc17_lzd_blowpipe_chamelon_stalkers_daemonbane_blessed	blowpipe	false
wh2_dlc17_lzd_blowpipe_chamelon_stalkers_fireblood	true	wh2_dlc17_lzd_blowpipe_chamelon_stalkers_fireblood	blowpipe	false
wh2_dlc17_lzd_blowpipe_chamelon_stalkers_fireblood_blessed	true	wh2_dlc17_lzd_blowpipe_chamelon_stalkers_fireblood_blessed	blowpipe	false
wh2_dlc17_lzd_blowpipe_chamelon_stalkers_slow_death	true	wh2_dlc17_lzd_blowpipe_chamelon_stalkers_slow_death	blowpipe	false
wh2_dlc17_lzd_blowpipe_chamelon_stalkers_slow_death_blessed	true	wh2_dlc17_lzd_blowpipe_chamelon_stalkers_slow_death_blessed	blowpipe	false
wh2_dlc17_lzd_blowpipe_chamelon_stalkers_toadskin	true	wh2_dlc17_lzd_blowpipe_chamelon_stalkers_toadskin	blowpipe	false
wh2_dlc17_lzd_blowpipe_chamelon_stalkers_toadskin_blessed	true	wh2_dlc17_lzd_blowpipe_chamelon_stalkers_toadskin_blessed	blowpipe	false
wh2_dlc17_lzd_blowpipe_oxyotl	false	wh2_dlc17_lzd_blowpipe_oxyotl		false
wh2_dlc17_lzd_blowpipe_oxyotl_daemonbane	false	wh2_dlc17_lzd_blowpipe_oxyotl_daemonbane	blowpipe	false
wh2_dlc17_lzd_blowpipe_oxyotl_fireblood	false	wh2_dlc17_lzd_blowpipe_oxyotl_fireblood	blowpipe	false
wh2_dlc17_lzd_blowpipe_oxyotl_slow_death	false	wh2_dlc17_lzd_blowpipe_oxyotl_slow_death	blowpipe	false
wh2_dlc17_lzd_blowpipe_oxyotl_toadskin	false	wh2_dlc17_lzd_blowpipe_oxyotl_toadskin	blowpipe	false
wh2_dlc17_lzd_troglodon_spit	false	wh2_dlc17_lzd_troglodon_spit		false
wh2_dlc17_nor_javelin_anti_large	false	wh2_dlc17_nor_javelin_anti_large	javelin	false
wh2_dlc17_nor_javelin_heavy_anti_large	false	wh2_dlc17_nor_javelin_heavy_anti_large	javelin	false
wh2_main_def_black_dragon_breath	false	wh2_main_def_black_dragon_breath		false
wh2_main_def_crossbow_bolt_chariot	false	wh2_main_def_crossbow_bolt_chariot	crossbow	false
wh2_main_def_crossbow_bolt_dreadlord	false	wh2_main_def_crossbow_bolt_dreadlord	crossbow_LH	false
wh2_main_def_crossbow_bolt_horse	false	wh2_main_def_crossbow_bolt_horse	crossbow	false
wh2_main_def_handbow_bolt	false	wh2_main_def_handbow_bolt	crossbow	false
wh2_main_def_handbow_bolt_khainite_assassin	false	wh2_main_def_handbow_bolt_khainite_assassin	crossbow	false
wh2_main_def_reaper_bolt_thrower_bolt	false	wh2_main_def_reaper_bolt_thrower_bolt	bolt_large	false
wh2_main_def_repeater_crossbow	false	wh2_main_def_crossbow_bolt	crossbow	false
wh2_main_def_repeater_crossbow_horse	false	wh2_main_def_crossbow_bolt_horse	crossbow	false
wh2_main_def_repeater_crossbow_pegasus_ror_0	false	wh2_main_def_crossbow_bolt_pegasus_ror_0	crossbow	false
wh2_main_def_repeater_crossbow_ror_0	false	wh2_main_def_crossbow_bolt_ror_0	crossbow	false
wh2_main_def_repeater_crossbow_shades	false	wh2_main_def_crossbow_bolt_shades	crossbow	false
wh2_main_hef_bow_arrow	false	wh2_main_hef_bow_arrow	bow	false
wh2_main_hef_bow_arrow_rider	false	wh2_main_hef_bow_arrow_mounted	bow	false
wh2_main_hef_eagle_claw_bolt	false	wh2_main_hef_eagle_claw_bolt	bolt_launcher_eagle_claw	false
wh2_main_hef_longbow_arrow	false	wh2_main_hef_longbow_arrow	bow	false
wh2_main_hef_longbow_arrow_princess	false	wh2_main_hef_longbow_arrow_princess	bow_LH	false
wh2_main_hef_longbow_arrow_tiranoc_chariot	false	wh2_main_hef_reaver_bow_arrow_tiranoc_chariot	bow	false
wh2_main_hef_moon_dragon_breath	false	wh2_main_hef_moon_dragon_breath		false
wh2_main_hef_sea_guard_bow	false	wh2_main_hef_sea_guard_arrow	bow	false
wh2_main_hef_star_dragon_breath	false	wh2_main_hef_star_dragon_breath		false
wh2_main_hef_sun_dragon_breath	false	wh2_main_hef_sun_dragon_breath		false
wh2_main_lzd_bastiladon_solar_engine	false	wh2_main_lzd_bastiladon_solar_engine		false
wh2_main_lzd_bastiladon_solar_engine_blessed	false	wh2_main_lzd_bastiladon_solar_engine_blessed		false
wh2_main_lzd_blowpipe	false	wh2_main_lzd_blowpipe	blowpipe	false
wh2_main_lzd_blowpipe_chamelon_skinks	false	wh2_main_lzd_blowpipe_chamelon_skinks	blowpipe	false
wh2_main_lzd_blowpipe_chamelon_skinks_blessed	false	wh2_main_lzd_blowpipe_chamelon_skinks_blessed	blowpipe	false
wh2_main_lzd_blowpipe_chamelon_skinks_daemonbane	false	wh2_main_lzd_blowpipe_chamelon_skinks_daemonbane	blowpipe	false
wh2_main_lzd_blowpipe_chamelon_skinks_daemonbane_blessed	false	wh2_main_lzd_blowpipe_chamelon_skinks_daemonbane_blessed	blowpipe	false
wh2_main_lzd_blowpipe_chamelon_skinks_fireblood	false	wh2_main_lzd_blowpipe_chamelon_skinks_fireblood	blowpipe	false
wh2_main_lzd_blowpipe_chamelon_skinks_fireblood_blessed	false	wh2_main_lzd_blowpipe_chamelon_skinks_fireblood_blessed	blowpipe	false
wh2_main_lzd_blowpipe_chamelon_skinks_slow_death	false	wh2_main_lzd_blowpipe_chamelon_skinks_slow_death	blowpipe	false
wh2_main_lzd_blowpipe_chamelon_skinks_slow_death_blessed	false	wh2_main_lzd_blowpipe_chamelon_skinks_slow_death_blessed	blowpipe	false
wh2_main_lzd_blowpipe_chamelon_skinks_toadskin	false	wh2_main_lzd_blowpipe_chamelon_skinks_toadskin	blowpipe	false
wh2_main_lzd_blowpipe_chamelon_skinks_toadskin_blessed	false	wh2_main_lzd_blowpipe_chamelon_skinks_toadskin_blessed	blowpipe	false
wh2_main_lzd_blowpipe_daemonbane	false	wh2_main_lzd_blowpipe_daemonbane	blowpipe	false
wh2_main_lzd_blowpipe_fireblood	false	wh2_main_lzd_blowpipe_fireblood	blowpipe	false
wh2_main_lzd_blowpipe_skink_chief	false	wh2_main_lzd_blowpipe_skink_chief		false
wh2_main_lzd_blowpipe_skink_chief_daemonbane	false	wh2_main_lzd_blowpipe_skink_chief_daemonbane	blowpipe	false
wh2_main_lzd_blowpipe_skink_chief_fireblood	false	wh2_main_lzd_blowpipe_skink_chief_fireblood	blowpipe	false
wh2_main_lzd_blowpipe_skink_chief_slow_death	false	wh2_main_lzd_blowpipe_skink_chief_slow_death	blowpipe	false
wh2_main_lzd_blowpipe_skink_chief_toadskin	false	wh2_main_lzd_blowpipe_skink_chief_toadskin	blowpipe	false
wh2_main_lzd_blowpipe_slow_death	false	wh2_main_lzd_blowpipe_slow_death	blowpipe	false
wh2_main_lzd_blowpipe_toadskin	false	wh2_main_lzd_blowpipe_toadskin	blowpipe	false
wh2_main_lzd_fireleech_bola_terradon	false	wh2_main_lzd_fireleech_bolas_terradon		false
wh2_main_lzd_javelin	false	wh2_main_lzd_javelin	javelin	false
wh2_main_lzd_javelin_blessed	false	wh2_main_lzd_javelin_blessed		false
wh2_main_lzd_javelin_daemonbane	false	wh2_main_lzd_javelin_daemonbane	javelin	false
wh2_main_lzd_javelin_daemonbane_blessed	false	wh2_main_lzd_javelin_daemonbane_blessed	javelin	false
wh2_main_lzd_javelin_fireblood	false	wh2_main_lzd_javelin_fireblood	javelin	false
wh2_main_lzd_javelin_fireblood_blessed	false	wh2_main_lzd_javelin_fireblood_blessed	javelin	false
wh2_main_lzd_javelin_rider	false	wh2_main_lzd_javelin_mounted	javelin	true
wh2_main_lzd_javelin_rider_blessed	false	wh2_main_lzd_javelin_mounted_blessed	javelin	true
wh2_main_lzd_javelin_rider_primary_ammo	false	wh2_main_lzd_javelin_mounted	javelin	false
wh2_main_lzd_javelin_slow_death	false	wh2_main_lzd_javelin_slow_death	javelin	false
wh2_main_lzd_javelin_slow_death_blessed	false	wh2_main_lzd_javelin_slow_death_blessed	javelin	false
wh2_main_lzd_javelin_terradon	false	wh2_main_lzd_javelin_terradon	javelin	false
wh2_main_lzd_javelin_terradon_daemonbane	false	wh2_main_lzd_javelin_terradon_daemonbane	javelin	false
wh2_main_lzd_javelin_terradon_fireblood	false	wh2_main_lzd_javelin_terradon_fireblood	javelin	false
wh2_main_lzd_javelin_terradon_slow_death	false	wh2_main_lzd_javelin_terradon_slow_death	javelin	false
wh2_main_lzd_javelin_terradon_toadskin	false	wh2_main_lzd_javelin_terradon_toadskin	javelin	false
wh2_main_lzd_javelin_toadskin	false	wh2_main_lzd_javelin_toadskin	javelin	false
wh2_main_lzd_javelin_toadskin_blessed	false	wh2_main_lzd_javelin_toadskin_blessed	javelin	false
wh2_main_lzd_mon_stegadon_blowpipe	false	wh2_main_lzd_mon_stegadon_giant_blowpipe	giant_blowpipe	false
wh2_main_lzd_mon_stegadon_blowpipe_secondary_ammo	false	wh2_main_lzd_mon_stegadon_giant_blowpipe	giant_blowpipe	true
wh2_main_lzd_mon_stegadon_crossbow	false	wh2_main_lzd_mon_stegadon_crossbow	bolt_mounted	false
wh2_main_lzd_mon_stegadon_crossbow_blessed	false	wh2_main_lzd_mon_stegadon_crossbow_blessed	bolt_mounted	false
wh2_main_lzd_mon_stegadon_crossbow_skink_chief	false	wh2_main_lzd_mon_stegadon_crossbow_skink_chief	bolt_large	false
wh2_main_lzd_mon_stegadon_crossbow_skink_priest	false	wh2_main_lzd_mon_stegadon_crossbow_skink_priest	bolt_large	false
wh2_main_lzd_mon_stegadon_giant_blowpipe_blessed	false	wh2_main_lzd_mon_stegadon_giant_blowpipe_blessed	giant_blowpipe	false
wh2_main_lzd_mon_stegadon_giant_blowpipe_blessed_secondary_ammo	false	wh2_main_lzd_mon_stegadon_giant_blowpipe_blessed	giant_blowpipe	true
wh2_main_lzd_mon_stegadon_giant_blowpipe_skink_chief	false	wh2_main_lzd_mon_stegadon_giant_blowpipe_skink_chief	giant_blowpipe	false
wh2_main_lzd_mon_stegadon_giant_blowpipe_skink_priest	false	wh2_main_lzd_mon_stegadon_giant_blowpipe_skink_priest	giant_blowpipe	false
wh2_main_skv_death_globe	false	wh2_main_skv_death_globe		false
wh2_main_skv_doomwheel_warp_lightning	false	wh2_main_skv_doomwheel_warp_lightning		false
wh2_main_skv_plagueclaw_catapult	false	wh2_main_skv_plagueclaw		false
wh2_main_skv_poison_wind_globe	false	wh2_main_skv_poison_wind_globe		false
wh2_main_skv_sling	false	wh2_main_skv_sling		false
wh2_main_skv_sling_gutter_runners	false	wh2_main_skv_sling_gutter_runners		false
wh2_main_skv_sling_gutter_runners_alt	false	wh2_main_skv_sling_gutter_runners_alt		false
wh2_main_skv_sling_gutter_runners_poison	false	wh2_main_skv_sling_gutter_runners_poison		false
wh2_main_skv_sling_gutter_runners_poison_alt	false	wh2_main_skv_sling_gutter_runners_poison_alt		false
wh2_main_skv_sling_night_runners	false	wh2_main_skv_sling_night_runners		false
wh2_main_skv_sling_night_runners_alt	false	wh2_main_skv_sling_night_runners_alt		false
wh2_main_skv_throwing_star_gutter_runners	false	wh2_main_skv_throwing_star_gutter_runners		false
wh2_main_skv_throwing_star_gutter_runners_alt	false	wh2_main_skv_throwing_star_gutter_runners_alt		false
wh2_main_skv_throwing_star_gutter_runners_poison	false	wh2_main_skv_throwing_star_gutter_runners_poison		false
wh2_main_skv_throwing_star_gutter_runners_poison_alt	false	wh2_main_skv_throwing_star_gutter_runners_poison_alt		false
wh2_main_skv_throwing_stars	false	wh2_main_skv_throwing_star		false
wh2_main_skv_throwing_stars_alt	false	wh2_main_skv_throwing_stars_alt		false
wh2_main_skv_warlock_doomrocket	false	wh2_main_skv_warlock_doomrocket		false
wh2_main_skv_warp_lightning	false	wh2_main_skv_warp_lightning		false
wh2_main_skv_warpfire	false	wh2_main_skv_warpfire	warpfiregun	false
wh2_twa02_wef_glade_captain_bow	false	wh2_twa02_wef_glade_captain_arrow	bow_LH	false
wh2_twa03_def_harpoon_scourgerunner_chariot_mount_suppressing	false	wh2_twa03_def_harpoon_scourgerunner_chariot_mount_suppressing	wh2_dlc14_scourge_harpoon	false
wh2_twa03_def_harpoon_scourgerunner_chariot_suppressing	false	wh2_twa03_def_harpoon_scourgerunner_chariot_suppressing	wh2_dlc14_scourge_harpoon	false
wh2_twa03_def_reaper_bolt_thrower_bolt_suppressing	false	wh2_twa03_def_reaper_bolt_thrower_bolt_suppressing	bolt_large	false
wh3_chd_blunderbuss_bullet	false	wh3_chd_blunderbuss_bullet	blunderbuss	false
wh3_chd_blunderbuss_bullet_double_shot	false	wh3_chd_blunderbuss_bullet_double_shot	blunderbuss	false
wh3_cth_crane_gun_bullet	false	wh3_cth_crane_gun_bullet	iron_hail_gunner	false
wh3_cth_crossbow_bolt	false	wh3_cth_crossbow_bolt	crossbow	false
wh3_cth_iron_hail_gun_bullet	false	wh3_cth_iron_hail_gun_bullet	hand_cannon	false
wh3_cth_peasant_bow_arrow	false	wh3_cth_peasant_bow_arrow	bow	false
wh3_cth_sky_junk_crane_gun_bullet	false	wh3_cth_sky_junk_crane_gun_bullet	deck_gunner_cannon	true
wh3_cth_sky_lantern_crane_gun_bullet	false	wh3_cth_sky_junk_crane_gun_bullet	deck_gunner_cannon	false
wh3_dlc20_chs_marauder_horsemen_mkho_throwing_axe	false	wh3_dlc20_chs_marauder_horsemen_mkho_throwing_axe		false
wh3_dlc20_chs_marauder_horsemen_mnur_throwing_axe	false	wh3_dlc20_chs_marauder_horsemen_mnur_throwing_axe		false
wh3_dlc20_chs_marauder_horsemen_msla_javelin	false	wh3_dlc20_chs_marauder_horsemen_msla_javelin	javelin	false
wh3_dlc20_chs_marauder_horsemen_mtze_javelin	false	wh3_dlc20_chs_marauder_horsemen_mtze_javelin	javelin	false
wh3_dlc23_chd_blunderbuss_bullet_ror	false	wh3_dlc23_chd_blunderbuss_bullet_ror	blunderbuss	false
wh3_dlc23_chd_bull_centaur_throwing_axe_ror	false	wh3_dlc23_chd_bull_centaur_throwing_axe_ror		false
wh3_dlc23_chd_cav_hobgoblin_wolf_raiders_bow	false	wh3_dlc23_chd_cav_hobgoblin_wolf_raiders_arrow	bow	false
wh3_dlc23_chd_cav_hobgoblin_wolf_raiders_bow_ror	false	wh3_dlc23_chd_cav_hobgoblin_wolf_raiders_arrow_ror	bow	false
wh3_dlc23_chd_cha_pistol_flare	false	wh3_dlc23_chd_cha_pistol_flare		false
wh3_dlc23_chd_hobgoblin_bow	false	wh3_dlc23_chd_hobgoblin_arrow	bow	false
wh3_dlc23_chd_hobgoblin_throwing_knife	true	wh3_dlc23_chd_hobgoblin_throwing_knife		false
wh3_dlc23_chd_infernal_castellan_fireglaive	false	wh3_dlc23_chd_infernal_castellan_fireglaive_bullet	wh3_dlc23_fireglaive_LH	false
wh3_dlc23_chd_infernal_castellan_fireglaive_explosive	false	wh3_dlc23_chd_infernal_castellan_fireglaive_bullet_explosive	repeater_gun_LH	false
wh3_dlc23_chd_infernal_guard_fireglaive	false	wh3_dlc23_chd_infernal_guard_fireglaive_bullet	wh3_dlc23_fireglaive	false
wh3_dlc23_chd_naptha_bombs	false	wh3_dlc23_chd_naptha_bombs_unit	globe	false
wh3_dlc23_chd_placement_tower_1_bullet	false	wh3_dlc23_chd_placement_tower_1_bullet		false
wh3_dlc23_chd_placement_tower_2_bullet_improved	false	wh3_dlc23_chd_placement_tower_2_bullet_improved		false
wh3_dlc23_chd_placement_tower_3_shrieker_rocket	false	wh3_dlc23_chd_placement_tower_3_shrieker_rocket		false
wh3_dlc23_chd_placement_tower_4_magma_ball	false	wh3_dlc23_chd_placement_tower_4_magma_ball		false
wh3_dlc23_chd_settlement_tower_1_bullet	false	wh3_dlc23_chd_settlement_tower_1_bullet		false
wh3_dlc23_chd_settlement_tower_2_bullet_improved	false	wh3_dlc23_chd_settlement_tower_2_bullet_improved		false
wh3_dlc23_chd_settlement_tower_3_shrieker_rocket	false	wh3_dlc23_chd_settlement_tower_3_shrieker_rocket		false
wh3_dlc23_chd_settlement_tower_4_magma_ball	false	wh3_dlc23_chd_settlement_tower_4_magma_ball		false
wh3_dlc23_chd_survival_tower_1_bullet	false	wh3_dlc23_chd_survival_tower_1_bullet		false
wh3_dlc23_chd_survival_tower_2_bullet_improved	false	wh3_dlc23_chd_survival_tower_2_bullet_improved		false
wh3_dlc23_chd_survival_tower_3_shrieker_rocket	false	wh3_dlc23_chd_survival_tower_3_shrieker_rocket		false
wh3_dlc23_chd_survival_tower_4_magma_ball	false	wh3_dlc23_chd_survival_tower_4_magma_ball		false
wh3_dlc23_chd_veh_deathshrieker_rocket_primary	false	wh3_dlc23_chd_deathshrieker_rocket_stage_1	rocket_battery	false
wh3_dlc23_chd_veh_deathshrieker_rocket_secondary	false	wh3_dlc23_chd_deathshrieker_rocket_stage_1	rocket_battery	true
wh3_dlc23_chd_veh_dreadquake_mortar_shell_primary	false	wh3_dlc23_chd_dreadquake_mortar_shell	magma_cannon	false
wh3_dlc23_chd_veh_dreadquake_mortar_shell_secondary	false	wh3_dlc23_chd_dreadquake_mortar_shell	magma_cannon	true
wh3_dlc23_chd_veh_dreadquake_mortar_shell_secondary_ror	false	wh3_dlc23_chd_dreadquake_mortar_shell_ror	magma_cannon	false
wh3_dlc23_chd_veh_iron_daemon_cannonade_primary	false	wh3_dlc23_chd_iron_daemon_cannonade	wh3_dlc23_iron_daemon_carronade	false
wh3_dlc23_chd_veh_iron_daemon_cannonade_secondary	false	wh3_dlc23_chd_iron_daemon_cannonade	wh3_dlc23_iron_daemon_carronade	true
wh3_dlc23_chd_veh_iron_daemon_flame_cannon_primary	false	wh3_dlc23_chd_iron_daemon_flame_cannon	wh3_dlc23_iron_daemon_flamethrower	false
wh3_dlc23_chd_veh_iron_daemon_flame_cannon_secondary	false	wh3_dlc23_chd_iron_daemon_flame_cannon	wh3_dlc23_iron_daemon_flamethrower	true
wh3_dlc23_chd_veh_magma_cannon_ball_primary	false	wh3_dlc23_chd_magma_cannon_ball	magma_cannon	false
wh3_dlc23_chd_veh_magma_cannon_ball_secondary	false	wh3_dlc23_chd_magma_cannon_ball	magma_cannon	true
wh3_dlc23_neu_cha_ulrika_bow	false	wh3_dlc23_neu_cha_ulrika_arrow	bow_LH	false
wh3_dlc23_neu_cha_ulrika_bow_large	false	wh3_dlc23_neu_cha_ulrika_arrow_anti_large	bow_LH	false
wh3_dlc23_unit_abilities_flaming_breath	false	wh3_dlc23_unit_abilities_flaming_breath		false
wh3_dlc24_blue_scribe_projectile_blue_flame	false	wh3_dlc24_blue_scribe_projectile_blue_flame		false
wh3_dlc24_cth_dragon_crossbow_ror_bolt	false	wh3_dlc24_cth_dragon_crossbow_ror_bolt	crossbow	false
wh3_dlc24_cth_gate_master_crossbow	false	wh3_dlc24_cth_gate_master_crossbow_bolt	crossbow_LH	false
wh3_dlc24_cth_saytang_bow	false	wh3_dlc24_cth_saytang_projectile	bow_large	false
wh3_dlc24_cth_sky_lantern_crane_gun_bullet_debuff	false	wh3_dlc24_cth_sky_lantern_crane_gun_bullet_debuff	deck_gunner_cannon	false
wh3_dlc24_ksl_akshina_ambushers_crossbow	false	wh3_dlc24_ksl_akshina_ambushers_bolt	crossbow	false
wh3_dlc24_ksl_akshina_ambushers_ror_bolt	false	wh3_dlc24_ksl_akshina_ambushers_ror_bolt	crossbow	false
wh3_dlc24_ksl_bow_katarin_sled	false	wh3_dlc24_ksl_bow_katarin_sled	bow	false
wh3_dlc24_ksl_bow_mounted_anti_infantry	false	wh3_dlc24_ksl_mounted_anti_infantry_arrow	bow	false
wh3_dlc24_ksl_druzhina_bow	false	wh3_dlc24_ksl_druzhina_arrow	wh3_dlc24_druzhina_bow	false
wh3_dlc24_ksl_hag_witch_beasts	false	wh3_dlc24_ksl_hag_witch_beasts_bolt	none	false
wh3_dlc24_ksl_hag_witch_death	false	wh3_dlc24_ksl_hag_witch_death_bolt	none	false
wh3_dlc24_ksl_hag_witch_hags	false	wh3_dlc24_ksl_hag_witch_hags_bolt	none	false
wh3_dlc24_ksl_hag_witch_shadows	false	wh3_dlc24_ksl_hag_witch_shadows_bolt	none	false
wh3_dlc24_ksl_mother_ostankya_cauldron	false	wh3_dlc24_ksl_mother_ostankya_cauldron	none	false
wh3_dlc24_ksl_streltsi_blunderbuss_ror	false	wh3_dlc24_ksl_streltsi_blunderbuss_ror	blunderbuss	false
wh3_dlc24_tze_cha_blue_scribes	false	wh3_dlc24_blue_scribe_projectile		false
wh3_dlc25_chd_blunderbuss_bullet_anti_large	false	wh3_chd_blunderbuss_bullet_anti_large	blunderbuss	false
wh3_dlc25_chd_castellan_bullet_anti_large	false	wh3_dlc23_chd_infernal_castellan_fireglaive_bullet_anti_large	wh3_dlc23_fireglaive_LH	false
wh3_dlc25_chd_dreadquake_mortar_shell_anti_large	false	wh3_dlc23_chd_dreadquake_mortar_shell_anti_large	magma_cannon	false
wh3_dlc25_chd_infernal_guard_bullet_anti_large	false	wh3_dlc23_chd_infernal_guard_fireglaive_bullet_anti_large	wh3_dlc23_fireglaive	false
wh3_dlc25_dwf_blunderbuss	false	wh3_dlc25_dwf_blunderbuss	blunderbuss	false
wh3_dlc25_dwf_cannon_explosive	false	wh3_dlc25_dwf_cannon_ball_explosive	cannon	false
wh3_dlc25_dwf_cannon_grapeshot	false	wh_dwf_cannon_ball	cannon	false
wh3_dlc25_dwf_crossbow_grudge_unit	false	wh3_dlc25_dwf_crossbow_shieldbreaker_anti_infantry	crossbow	false
wh3_dlc25_dwf_drakegun_flame_secondary	false	wh_dwf_drakegun_flame	drakegun	true
wh3_dlc25_dwf_drakegun_grudge	false	wh3_dlc25_dwf_drakegun_grudge	drakegun	false
wh3_dlc25_dwf_flame_cannon_extra_volley_shots	false	wh3_dlc25_dwf_flame_cannon_flame_extra_volley_shots	flame_cannon	false
wh3_dlc25_dwf_goblin_hewer_axe	false	wh3_dlc25_dwf_goblin_hewer_axe		false
wh3_dlc25_dwf_goblin_hewer_axe_flaming	false	wh3_dlc25_dwf_goblin_hewer_axe_flaming		false
wh3_dlc25_dwf_goblin_hewer_axe_penetrating	false	wh3_dlc25_dwf_goblin_hewer_axe_penetrating		false
wh3_dlc25_dwf_goblin_hewer_axe_seeking	false	wh3_dlc25_dwf_goblin_hewer_axe_seeking		false
wh3_dlc25_dwf_grudge_raker	false	wh3_dlc25_dwf_grudge_raker_bullet	blunderbuss	false
wh3_dlc25_dwf_grudge_thrower_shrapnel	false	wh3_dlc25_dwf_grudge_stone_shrapnel_stage_1		false
wh3_dlc25_dwf_gyrocopter_brimstone_trollhammer	false	wh3_dlc25_dwf_gyrocopter_brimstone_trollhammer_shot	troll_hammer	false
wh3_dlc25_dwf_malakai_rifle	false	wh3_dlc25_dwf_malakai_rifle_bullet	none	false
wh3_dlc25_dwf_slayer_pirate_pistol	false	wh3_dlc25_dwf_slayer_pirate_pistol_bullet	pistol	false
wh3_dlc25_dwf_thunderbarge_bomb	false	wh3_dlc25_dwf_thunderbarge_bomb		false
wh3_dlc25_dwf_thunderbarge_cannon	false	wh3_dlc25_dwf_thunderbarge_cannon	cannon	false
wh3_dlc25_dwf_thunderbarge_cannon_flaming	false	wh3_dlc25_dwf_thunderbarge_cannon_flaming	cannon	false
wh3_dlc25_dwf_thunderbarge_cinderblast_bomb	false	wh3_dlc25_dwf_thunderbarge_cinderblast_bomb		false
wh3_dlc25_dwf_thunderbarge_fire_bomb	false	wh3_dlc25_unit_abilities_thunderbarge_fire_bomb		false
wh3_dlc25_dwf_thunderbarge_grudge_raker	false	wh3_dlc25_dwf_thunderbarge_grudge_raker	blunderbuss	true
wh3_dlc25_dwf_thunderbarge_grudge_raker_grungni	false	wh3_dlc25_dwf_thunderbarge_grudge_raker_grungni	blunderbuss	true
wh3_dlc25_emp_cannon_hammer_witches_upgraded	false	wh_dlc04_emp_great_cannon_ball_hammer_witches	great_cannon	false
wh3_dlc25_emp_cannon_upgraded	false	wh_emp_great_cannon_ball	great_cannon	false
wh3_dlc25_emp_deathstorm_battery_morr	false	wh3_dlc25_emp_deathstorm_morr_rocket	rocket_battery	false
wh3_dlc25_emp_deathstorm_battery_morr_upgraded	false	wh3_dlc25_emp_deathstorm_morr_rocket_upgraded	rocket_battery	false
wh3_dlc25_emp_grenade_launcher_master_engineer	false	wh3_dlc25_emp_grenade_master_engineer	grenade_launcher	false
wh3_dlc25_emp_grenade_launcher_master_engineer_cluster	false	wh3_dlc25_emp_grenade_master_engineer_cluster	grenade_launcher	false
wh3_dlc25_emp_grenade_launcher_master_engineer_steam_tank	false	wh3_dlc25_emp_grenade_master_engineer	grenade_launcher	true
wh3_dlc25_emp_grenade_launcher_morr	false	wh3_dlc25_emp_grenade_morr	grenade_launcher	false
wh3_dlc25_emp_grenade_launcher_morr_upgraded	false	wh3_dlc25_emp_grenade_morr_upgraded	grenade_launcher	false
wh3_dlc25_emp_land_ship_cannon_culverin	false	wh3_dlc25_emp_land_ship_cannon_culverin	great_cannon	false
wh3_dlc25_emp_land_ship_cannon_culverin_amethyst	false	wh3_dlc25_emp_land_ship_cannon_culverin_amethyst	great_cannon	false
wh3_dlc25_emp_land_ship_cannon_culverin_morr	false	wh3_dlc25_emp_land_ship_cannon_culverin_morr	great_cannon	false
wh3_dlc25_emp_land_ship_grenade_launcher	false	wh3_dlc25_emp_land_ship_crew_grenade	grenade_launcher	true
wh3_dlc25_emp_land_ship_hochland	false	wh3_dlc25_emp_inf_landship_crew_rifle_bullet_hochland	repeater_gun	true
wh3_dlc25_emp_land_ship_hochland_upgraded	false	wh3_dlc25_emp_inf_landship_crew_rifle_bullet_hochland_exploding	repeater_gun	true
wh3_dlc25_emp_land_ship_mortar	false	wh3_dlc25_emp_land_ship_mortar_shell	mortar	true
wh3_dlc25_emp_land_ship_repeater	false	wh3_dlc25_emp_rifle_land_ship_crew_repeater_bullet	repeater_rifle	true
wh3_dlc25_emp_land_ship_repeater_morr	false	wh3_dlc25_emp_rifle_land_ship_crew_repeater_bullet_morr	repeater_rifle	true
wh3_dlc25_emp_land_ship_repeater_morr_upgraded	false	wh3_dlc25_emp_rifle_land_ship_crew_repeater_bullet_morr_exploding	repeater_rifle	true
wh3_dlc25_emp_land_ship_repeater_upgraded	false	wh3_dlc25_emp_rifle_land_ship_crew_repeater_bullet_exploding	repeater_rifle	true
wh3_dlc25_emp_rifle_hochland	false	wh3_dlc25_emp_inf_rifle_bullet_hochland	repeater_rifle	false
wh3_dlc25_emp_rifle_hochland_ror	false	wh3_dlc25_emp_inf_rifle_bullet_hochland_ror	repeater_rifle	false
wh3_dlc25_emp_rifle_hochland_ror_upgraded	false	wh3_dlc25_emp_inf_rifle_bullet_hochland_ror_exploding	repeater_rifle	false
wh3_dlc25_emp_rifle_hochland_upgraded	false	wh3_dlc25_emp_inf_rifle_bullet_hochland_exploding	repeater_rifle	false
wh3_dlc25_emp_rifle_outrider_repeater	false	wh3_dlc25_emp_rifle_outrider_repeater_bullet	repeater_rifle	false
wh3_dlc25_emp_rifle_repeater_rifle_engineer	false	wh3_dlc25_emp_rifle_repeater_bullet_engineer	repeater_rifle	false
wh3_dlc25_emp_steam_tank_cannon_ball_exploding	false	wh3_emp_steam_tank_cannon_ball_exploding		false
wh3_dlc25_emp_steam_tank_cannon_volley_gun	false	wh3_dlc25_emp_steam_tank_cannon_volley_gun		false
wh3_dlc25_emp_steam_tank_cannon_volley_gun_upgraded	false	wh3_dlc25_emp_steam_tank_cannon_volley_gun_upgraded		false
wh3_dlc25_emp_steam_tank_engineer_commander_pistol	false	wh3_dlc25_emp_steam_tank_engineer_commander_pistol	pistol_LH	true
wh3_dlc25_grn_mon_rogue_idol_qb_boss	false	wh3_dlc25_grn_mon_rogue_idol_qb_boss_boulder		false
wh3_dlc25_nur_esar_doombolt_bullet	false	wh3_dlc25_nur_esar_doombolt_bullet	blunderbuss	false
wh3_dlc25_nur_esar_doombolt_bullet_explosive	false	wh3_dlc25_nur_esar_doombolt_fireglaive_bullet_explosive	blunderbuss	false
wh3_dlc26_arachnarok_flinger	false	wh3_dlc26_arachnarok_flinger_rock		false
wh3_dlc26_grn_arachnarok_flinger_rider_bow	false	wh_grn_arachnarok_rider_arrow_poison	bow	true
wh3_dlc26_grn_bolt_throwa	false	wh3_dlc26_grn_bolt_throwa	bolt_large	false
wh3_dlc26_grn_bolt_throwa_ror	false	wh3_dlc26_grn_bolt_throwa_ror	bolt_large	false
wh3_dlc26_grn_orc_bow_stinkee_arrers	false	wh3_dlc26_grn_stinkee_arrers	bow	false
wh3_dlc26_grn_orc_crossbow	false	wh3_dlc_26_grn_crossbow_bolt	crossbow	false
wh3_dlc26_ogr_thundertusk_crossbow	false	wh3_dlc26_ogr_thundertusk_crossbow_crew	crossbow	true
wh3_dlc26_ogr_thundertusk_harpoon	false	wh3_dlc26_ogr_thundertusk_harpoon_crew		true
wh3_dlc26_ogr_veh_gnoblar_scraplauncher_increased_projectile	false	wh3_dlc26_ogr_veh_gnoblar_scraplauncher_shot_increased_projectile		false
wh3_dlc26_thundertusk_ice_shard	false	wh3_dlc26_ice_shard_thundertusk		false
wh3_dlc27_chs_marauder_horsemen_msla_javelin_anti_large	false	wh3_dlc27_chs_marauder_horsemen_msla_javelin_anti_large	javelin	false
wh3_dlc27_chs_marauder_horsemen_msla_javelin_anti_large_ror	false	wh3_dlc27_chs_marauder_horsemen_msla_javelin_anti_large_ror	javelin	false
wh3_dlc27_chs_marauder_horsemen_msla_javelin_ror	false	wh3_dlc27_chs_marauder_horsemen_msla_javelin_ror	javelin	false
wh3_dlc27_hef_longbow_arrow_anti_infantry	false	wh3_dlc27_hef_longbow_arrow_anti_infantry	bow	false
wh3_dlc27_hef_longbow_arrow_flaming_anti_infantry	false	wh3_dlc27_hef_longbow_arrow_flaming_anti_infantry	bow	false
wh3_dlc27_hef_longbow_arrow_princess_explosive	false	wh3_dlc27_hef_longbow_arrow_princess_explosive	bow	false
wh3_dlc27_hef_longbow_arrow_shadow_anti_infantry	false	wh3_dlc27_hef_longbow_arrow_shadow_anti_infantry	bow	false
wh3_dlc27_hef_longbow_arrow_shadow_walker_anti_infantry	false	wh3_dlc27_hef_longbow_arrow_shadow_walker_anti_infantry	bow	false
wh3_dlc27_hef_longbow_arrow_sisters_anti_infantry	false	wh3_dlc27_hef_longbow_arrow_sisters_anti_infantry	bow	false
wh3_dlc27_hef_sea_guard_bow_anti_infantry	false	wh3_dlc27_hef_sea_guard_arrow_anti_infantry	bow	false
wh3_dlc27_hef_skycutter_bow	false	wh3_dlc27_hef_skycutter_bow_arrow	bow	false
wh3_dlc27_hef_veh_skycutter_bolt_thrower	false	wh3_dlc27_hef_skycutter_bolt	bolt_launcher_eagle_claw	false
wh3_dlc27_nor_mon_dread_maw_spit	false	wh3_dlc27_nor_mon_dread_maw_spit		false
wh3_dlc27_sla_crossbow_devotees	false	wh3_dlc27_sla_crossbow_bolt_devotees	crossbow	false
wh3_ksl_streltsi_rifle_bullet	false	wh3_ksl_streltsi_rifle_bullet	repeater_gun	false
wh3_main_brt_placement_tower_1_arrow	false	wh3_main_brt_placement_tower_1_arrow		false
wh3_main_brt_placement_tower_2_arrow_improved	false	wh3_main_brt_placement_tower_2_arrow_improved		false
wh3_main_brt_placement_tower_3_blessed_stone	false	wh3_main_brt_placement_tower_3_blessed_stone		false
wh3_main_brt_placement_tower_4_carcass	false	wh3_main_brt_placement_tower_4_carcass		false
wh3_main_bst_placement_tower_1_arrow	false	wh3_main_bst_placement_tower_1_arrow		false
wh3_main_bst_placement_tower_2_arrow_improved	false	wh3_main_bst_placement_tower_2_arrow_improved		false
wh3_main_bst_placement_tower_3_rock	false	wh3_main_bst_placement_tower_3_rock		false
wh3_main_bst_placement_tower_4_rock_improved	false	wh3_main_bst_placement_tower_4_rock_improved		false
wh3_main_chd_art_hobgob_bolt_thrower	false	wh3_main_chd_art_hobgob_bolt_thrower	bolt_large	false
wh3_main_chs_placement_tower_1_javelin	false	wh3_main_chs_placement_tower_1_javelin		false
wh3_main_chs_placement_tower_2_javelin_improved	false	wh3_main_chs_placement_tower_2_javelin_improved		false
wh3_main_chs_placement_tower_3_hellcannon	false	wh3_main_chs_placement_tower_3_hellcannon		false
wh3_main_chs_placement_tower_4_hellcannon_improved	false	wh3_main_chs_placement_tower_4_hellcannon_improved		false
wh3_main_cth_dragon_crossbow_bolt	false	wh3_main_cth_dragon_crossbow_bolt	crossbow	false
wh3_main_cth_grand_cannon_ball	false	wh3_main_cth_grand_cannon_ball	grand_cannon	false
wh3_main_cth_grenade	false	wh3_main_cth_grenade		false
wh3_main_cth_placement_tower_1_bullet	false	wh3_main_cth_placement_tower_1_bullet		false
wh3_main_cth_placement_tower_2_bullet_improved	false	wh3_main_cth_placement_tower_2_bullet_improved		false
wh3_main_cth_placement_tower_3_cannon	false	wh3_main_cth_placement_tower_3_cannon		false
wh3_main_cth_placement_tower_4_rocket	false	wh3_main_cth_placement_tower_4_rocket		false
wh3_main_cth_rocket	false	wh3_main_cth_rocket		false
wh3_main_cth_rocket_sky_junk	false	wh3_main_cth_rocket_sky_junk	rocket_battery	false
wh3_main_def_placement_tower_1_bolt	false	wh3_main_def_placement_tower_1_bolt		false
wh3_main_def_placement_tower_2_bolt_improved	false	wh3_main_def_placement_tower_2_bolt_improved		false
wh3_main_def_placement_tower_3_magic_missile	false	wh3_main_def_placement_tower_3_magic_missile		false
wh3_main_def_placement_tower_4_magic_missile_improved	false	wh3_main_def_placement_tower_4_magic_missile_improved		false
wh3_main_dwf_placement_tower_1_bullet	false	wh3_main_dwf_placement_tower_1_bullet		false
wh3_main_dwf_placement_tower_2_bullet_improved	false	wh3_main_dwf_placement_tower_2_bullet_improved		false
wh3_main_dwf_placement_tower_3_cannon_ball	false	wh3_main_dwf_placement_tower_3_cannon_ball		false
wh3_main_dwf_placement_tower_4_fused_beer_keg	false	wh3_main_dwf_placement_tower_4_fused_beer_keg		false
wh3_main_emp_placement_tower_1_bullet	false	wh3_main_emp_placement_tower_1_bullet		false
wh3_main_emp_placement_tower_2_bullet_improved	false	wh3_main_emp_placement_tower_2_bullet_improved		false
wh3_main_emp_placement_tower_3_cannon_ball	false	wh3_main_emp_placement_tower_3_cannon_ball		false
wh3_main_emp_placement_tower_4_clockwork_bomb	false	wh3_main_emp_placement_tower_4_clockwork_bomb		false
wh3_main_grn_placement_tower_1_arrow	false	wh3_main_grn_placement_tower_1_arrow		false
wh3_main_grn_placement_tower_2_arrow_improved	false	wh3_main_grn_placement_tower_2_arrow_improved		false
wh3_main_grn_placement_tower_3_giant_dungball	false	wh3_main_grn_placement_tower_3_giant_dungball		false
wh3_main_grn_placement_tower_4_rock_idol	false	wh3_main_grn_placement_tower_4_rock_idol		false
wh3_main_hef_placement_tower_1_bolt	false	wh3_main_hef_placement_tower_1_bolt		false
wh3_main_hef_placement_tower_2_bolt_improved	false	wh3_main_hef_placement_tower_2_bolt_improved		false
wh3_main_hef_placement_tower_3_magic_missile	false	wh3_main_hef_placement_tower_3_magic_missile		false
wh3_main_hef_placement_tower_4_magic_missile_improved	false	wh3_main_hef_placement_tower_4_magic_missile_improved		false
wh3_main_kho_placement_tower_1_harvester_cannon	false	wh3_main_kho_placement_tower_1_harvester_cannon		false
wh3_main_kho_placement_tower_2_harvester_cannon_improved	false	wh3_main_kho_placement_tower_2_harvester_cannon_improved		false
wh3_main_kho_placement_tower_3_skullcannon	false	wh3_main_kho_placement_tower_3_skullcannon		false
wh3_main_kho_placement_tower_4_skullcannon_improved	false	wh3_main_kho_placement_tower_4_skullcannon_improved		false
wh3_main_kho_skullcannon_skull	false	wh3_main_kho_skullcannon_skull		false
wh3_main_kho_skullcannon_skull_ror	false	wh3_dlc26_kho_skullcannon_skull_ror		false
wh3_main_kho_soul_grinder_cannon	true	wh3_main_kho_soul_grinder_cannon	cannon	false
wh3_main_ksl_armoured_kossar_pistol_bullet	false	wh3_main_ksl_armoured_kossar_pistol_bullet	pistol	false
wh3_main_ksl_ataman_pistol	false	wh3_main_ksl_ataman_pistol	pistol	false
wh3_main_ksl_bow_ice_guard	false	wh3_main_ksl_bow_ice_guard	bow	false
wh3_main_ksl_bow_kossars	false	wh3_main_ksl_bow_kossars	bow	false
wh3_main_ksl_bow_mounted	false	wh3_main_ksl_bow_arrow_mounted	bow	false
wh3_main_ksl_little_grom_cannon_ball	false	wh3_main_ksl_little_grom_cannon_ball	grand_cannon	false
wh3_main_ksl_little_grom_cannon_ball_explosive	false	wh3_main_ksl_little_grom_cannon_ball	grand_cannon	false
wh3_main_ksl_placement_tower_1_crossbow	false	wh3_main_ksl_placement_tower_1_crossbow		false
wh3_main_ksl_placement_tower_2_crossbow_improved	false	wh3_main_ksl_placement_tower_2_crossbow_improved		false
wh3_main_ksl_placement_tower_3_lightning	false	wh3_main_ksl_placement_tower_3_lightning		false
wh3_main_ksl_placement_tower_4_ice_shard	false	wh3_main_ksl_placement_tower_4_ice_shard		false
wh3_main_ksl_sled_rifle	false	wh3_ksl_sled_rifle_bullet	repeater_gun	false
wh3_main_lzd_placement_tower_1_bolt	false	wh3_main_lzd_placement_tower_1_bolt		false
wh3_main_lzd_placement_tower_2_bolt_improved	false	wh3_main_lzd_placement_tower_2_bolt_improved		false
wh3_main_lzd_placement_tower_3_magic_missile	false	wh3_main_lzd_placement_tower_3_magic_missile		false
wh3_main_lzd_placement_tower_4_solar_engine_beam	false	wh3_main_lzd_placement_tower_4_solar_engine_beam		false
wh3_main_nor_placement_tower_1_javelin	false	wh3_main_nor_placement_tower_1_javelin		false
wh3_main_nor_placement_tower_2_javelin_improved	false	wh3_main_nor_placement_tower_2_javelin_improved		false
wh3_main_nor_placement_tower_3_heavy_javelin	false	wh3_main_nor_placement_tower_3_heavy_javelin		false
wh3_main_nor_placement_tower_4_heavy_javelin_improved	false	wh3_main_nor_placement_tower_4_heavy_javelin_improved		false
wh3_main_nur_kugath_infested_nurgling	false	wh3_main_nur_kugath_infested_nurgling		false
wh3_main_nur_kugath_necrotic_nurglings	false	wh3_main_nur_kugath_necrotic_nurglings		false
wh3_main_nur_placement_tower_1_nurgling	false	wh3_main_nur_placement_tower_1_nurgling		false
wh3_main_nur_placement_tower_2_nurgling_improved	false	wh3_main_nur_placement_tower_2_nurgling_improved		false
wh3_main_nur_placement_tower_3_deaths_head	false	wh3_main_nur_placement_tower_3_deaths_head		false
wh3_main_nur_placement_tower_4_phlegm_bombard	false	wh3_main_nur_placement_tower_4_phlegm_bombard		false
wh3_main_nur_soul_grinder_bombard	false	wh3_main_nur_soul_grinder_bombard	cannon	false
wh3_main_nur_soul_grinder_bombard_ror	false	wh3_dlc25_nur_soul_grinder_bombard_ror	cannon	false
wh3_main_ogr_gnoblar_slings	false	wh3_main_ogr_gnoblar_slings		false
wh3_main_ogr_harpoon_launcher_bolt	false	wh3_main_ogr_harpoon_launcher_bolt		false
wh3_main_ogr_hunter_throwing_spear	false	wh3_main_ogr_hunter_throwing_spear		false
wh3_main_ogr_hunter_throwing_spear_stonehorn	false	wh3_main_ogr_hunter_throwing_spear		false
wh3_main_ogr_leadbelcher_gun	false	wh3_main_ogr_leadbelcher_shot		false
wh3_main_ogr_placement_tower_1_bullet	false	wh3_main_ogr_placement_tower_1_bullet		false
wh3_main_ogr_placement_tower_2_leadbelcher	false	wh3_main_ogr_placement_tower_2_leadbelcher		false
wh3_main_ogr_placement_tower_3_scraplauncher	false	wh3_main_ogr_placement_tower_3_scraplauncher		false
wh3_main_ogr_placement_tower_4_ironblaster	false	wh3_main_ogr_placement_tower_4_ironblaster		false
wh3_main_ogr_veh_gnoblar_scraplauncher	false	wh3_main_ogr_veh_gnoblar_scraplauncher_shot		false
wh3_main_ogr_veh_ironblaster	false	wh3_main_ogr_veh_ironblaster_shot	iron_blaster	false
wh3_main_skv_placement_tower_1_sniper_bullet	false	wh3_main_skv_placement_tower_1_sniper_bullet		false
wh3_main_skv_placement_tower_2_sniper_bullet_improved	false	wh3_main_skv_placement_tower_2_sniper_bullet_improved		false
wh3_main_skv_placement_tower_3_warp_lightning	false	wh3_main_skv_placement_tower_3_warp_lightning		false
wh3_main_skv_placement_tower_4_doomrocket	false	wh3_main_skv_placement_tower_4_doomrocket		false
wh3_main_sla_placement_tower_1_shard	false	wh3_main_sla_placement_tower_1_shard		false
wh3_main_sla_placement_tower_2_shard_improved	false	wh3_main_sla_placement_tower_2_shard_improved		false
wh3_main_sla_placement_tower_3_shards	false	wh3_main_sla_placement_tower_3_shards		false
wh3_main_sla_placement_tower_4_shards_improved	false	wh3_main_sla_placement_tower_4_shards_improved		false
wh3_main_tmb_bow_chariot_khalida	false	wh3_main_tmb_bow_chariot_horse_khalida	bow	false
wh3_main_tmb_bow_horse_khalida	false	wh3_main_tmb_bow_horse_khalida	bow	false
wh3_main_tmb_bow_skeleton_khalida	false	wh3_main_tmb_bow_skeleton_khalida	bow	false
wh3_main_tmb_bow_skeleton_ror_khalida	false	wh3_main_tmb_bow_skeleton_ror_khalida	bow	false
wh3_main_tmb_placement_tower_1_bolt	false	wh3_main_tmb_placement_tower_1_bolt		false
wh3_main_tmb_placement_tower_2_bolt_improved	false	wh3_main_tmb_placement_tower_2_bolt_improved		false
wh3_main_tmb_placement_tower_3_magic_missile	false	wh3_main_tmb_placement_tower_3_magic_missile		false
wh3_main_tmb_placement_tower_4_magic_missile_improved	false	wh3_main_tmb_placement_tower_4_magic_missile_improved		false
wh3_main_tze_blue_horror_fire_bolt	false	wh3_main_tze_blue_horror_fire_bolt		false
wh3_main_tze_blue_horror_fire_bolt_rider_secondary	false	wh3_main_tze_blue_horror_fire_bolt		true
wh3_main_tze_burning_chariot_exalted_flamer_warpflame	false	wh3_main_tze_burning_chariot_exalted_flamer_warpflame		false
wh3_main_tze_exalted_flamer_warpflame	false	wh3_main_tze_exalted_flamer_warpflame		false
wh3_main_tze_flamer_flame	false	wh3_main_tze_flamer_flame		false
wh3_main_tze_herald_fire_bolt	false	wh3_main_tze_herald_fire_bolt		false
wh3_main_tze_herald_fire_bolt_improved	false	wh3_main_tze_herald_fire_bolt_improved		false
wh3_main_tze_iridescent_horror_fire_bolt	false	wh3_main_tze_iridescent_horror_fire_bolt		false
wh3_main_tze_pink_exalted_horror_fire_bolt	false	wh3_main_tze_pink_exalted_horror_fire_bolt		false
wh3_main_tze_pink_horror_fire_bolt	false	wh3_main_tze_pink_horror_fire_bolt		false
wh3_main_tze_placement_tower_1_blue_bolt	false	wh3_main_tze_placement_tower_1_blue_bolt		false
wh3_main_tze_placement_tower_2_blue_bolt_upgraded	false	wh3_main_tze_placement_tower_2_blue_bolt_upgraded		false
wh3_main_tze_placement_tower_3_pink_bolt	false	wh3_main_tze_placement_tower_3_pink_bolt		false
wh3_main_tze_placement_tower_4_iridescent_bolt	false	wh3_main_tze_placement_tower_4_iridescent_bolt		false
wh3_main_tze_soul_grinder_bolt	false	wh3_main_tze_soul_grinder_bolt		false
wh3_main_vmp_placement_tower_1_bones	false	wh3_main_vmp_placement_tower_1_bones		false
wh3_main_vmp_placement_tower_2_bones_improved	false	wh3_main_vmp_placement_tower_2_bones_improved		false
wh3_main_vmp_placement_tower_3_caged_bats	false	wh3_main_vmp_placement_tower_3_caged_bats	bolt_large	false
wh3_main_vmp_placement_tower_4_corpse_ball	false	wh3_main_vmp_placement_tower_4_corpse_ball	bolt_large	false
wh3_main_wef_placement_tower_1_arrow	false	wh3_main_wef_placement_tower_1_arrow		false
wh3_main_wef_placement_tower_2_arrow_hagbane	false	wh3_main_wef_placement_tower_2_arrow_hagbane		false
wh3_main_wef_placement_tower_3_arrow_starfire	false	wh3_main_wef_placement_tower_3_arrow_starfire		false
wh3_main_wef_placement_tower_4_arrow_swiftshiver	false	wh3_main_wef_placement_tower_4_arrow_swiftshiver		false
wh3_nur_plague_drones_deaths_head	false	wh3_nur_plague_drones_deaths_head		false
wh3_nur_plague_drones_deaths_head_ror	false	wh3_nur_plague_drones_deaths_head_ror		false
wh3_nur_plaguebearers_deaths_head	false	wh3_nur_plaguebearers_deaths_head		false
wh3_ogr_gnoblar_throwing_dagger	false	wh3_ogr_gnoblar_throwing_dagger		false
wh3_ogr_gnoblar_throwing_dagger_ror	false	wh3_ogr_gnoblar_throwing_dagger_ror		false
wh3_ogr_pistol_bullet	false	wh3_ogr_pistol_bullet	pistol_Ogre	false
wh3_settlement_tower_brt_arrow	false	wh3_main_brt_settlement_tower_1_arrow		false
wh3_settlement_tower_brt_arrow_improved	false	wh3_main_brt_settlement_tower_2_arrow_improved		false
wh3_settlement_tower_brt_blessed_stone	false	wh3_main_brt_settlement_tower_3_blessed_stone		false
wh3_settlement_tower_brt_carcass	false	wh3_main_brt_settlement_tower_4_carcass		false
wh3_settlement_tower_bst_arrow	false	wh3_main_bst_settlement_tower_1_arrow		false
wh3_settlement_tower_bst_arrow_improved	false	wh3_main_bst_settlement_tower_2_arrow_improved		false
wh3_settlement_tower_bst_rock	false	wh3_main_bst_settlement_tower_3_rock		false
wh3_settlement_tower_bst_rock_improved	false	wh3_main_bst_settlement_tower_4_rock_improved		false
wh3_settlement_tower_chs_hellcannon	false	wh3_main_chs_settlement_tower_3_hellcannon		false
wh3_settlement_tower_chs_hellcannon_improved	false	wh3_main_chs_settlement_tower_4_hellcannon_improved		false
wh3_settlement_tower_chs_javelin	false	wh3_main_chs_settlement_tower_1_javelin		false
wh3_settlement_tower_chs_javelin_improved	false	wh3_main_chs_settlement_tower_2_javelin_improved		false
wh3_settlement_tower_cth_bullet	false	wh3_main_cth_settlement_tower_1_bullet		false
wh3_settlement_tower_cth_bullet_improved	false	wh3_main_cth_settlement_tower_2_bullet_improved		false
wh3_settlement_tower_cth_cannon	false	wh3_main_cth_settlement_tower_3_cannon		false
wh3_settlement_tower_cth_rocket	false	wh3_main_cth_settlement_tower_4_rocket		false
wh3_settlement_tower_def_bolt	false	wh3_main_def_settlement_tower_1_bolt		false
wh3_settlement_tower_def_bolt_improved	false	wh3_main_def_settlement_tower_2_bolt_improved		false
wh3_settlement_tower_def_magic_missile	false	wh3_main_def_settlement_tower_3_magic_missile		false
wh3_settlement_tower_def_magic_missile_improved	false	wh3_main_def_settlement_tower_4_magic_missile_improved		false
wh3_settlement_tower_dwf_bullet	false	wh3_main_dwf_settlement_tower_1_bullet		false
wh3_settlement_tower_dwf_bullet_improved	false	wh3_main_dwf_settlement_tower_2_bullet_improved		false
wh3_settlement_tower_dwf_cannon_ball	false	wh3_main_dwf_settlement_tower_3_cannon_ball		false
wh3_settlement_tower_dwf_freestanding	false	wh3_main_dwf_settlement_tower_1_bullet		false
wh3_settlement_tower_dwf_fused_beer_keg	false	wh3_main_dwf_settlement_tower_4_fused_beer_keg		false
wh3_settlement_tower_dwf_main	false	wh3_main_dwf_settlement_tower_4_fused_beer_keg		false
wh3_settlement_tower_emp_bullet	false	wh3_main_emp_settlement_tower_1_bullet		false
wh3_settlement_tower_emp_bullet_improved	false	wh3_main_emp_settlement_tower_2_bullet_improved		false
wh3_settlement_tower_emp_cannon_ball	false	wh3_main_emp_settlement_tower_3_cannon_ball		false
wh3_settlement_tower_emp_clockwork_bomb	false	wh3_main_emp_settlement_tower_4_clockwork_bomb		false
wh3_settlement_tower_grn_arrow	false	wh3_main_grn_settlement_tower_1_arrow		false
wh3_settlement_tower_grn_arrow_improved	false	wh3_main_grn_settlement_tower_2_arrow_improved		false
wh3_settlement_tower_grn_giant_dungball	false	wh3_main_grn_settlement_tower_3_giant_dungball		false
wh3_settlement_tower_grn_rock_idol	false	wh3_main_grn_settlement_tower_4_rock_idol		false
wh3_settlement_tower_hef_bolt	false	wh3_main_hef_settlement_tower_1_bolt		false
wh3_settlement_tower_hef_bolt_improved	false	wh3_main_hef_settlement_tower_2_bolt_improved		false
wh3_settlement_tower_hef_magic_missile	false	wh3_main_hef_settlement_tower_3_magic_missile		false
wh3_settlement_tower_hef_magic_missile_improved	false	wh3_main_hef_settlement_tower_4_magic_missile_improved		false
wh3_settlement_tower_kho_harvester_cannon	false	wh3_main_kho_settlement_tower_1_harvester_cannon		false
wh3_settlement_tower_kho_harvester_cannon_improved	false	wh3_main_kho_settlement_tower_2_harvester_cannon_improved		false
wh3_settlement_tower_kho_skullcannon	false	wh3_main_kho_settlement_tower_3_skullcannon		false
wh3_settlement_tower_kho_skullcannon_improved	false	wh3_main_kho_settlement_tower_4_skullcannon_improved		false
wh3_settlement_tower_ksl_crossbow	false	wh3_main_ksl_settlement_tower_1_crossbow		false
wh3_settlement_tower_ksl_crossbow_improved	false	wh3_main_ksl_settlement_tower_2_crossbow_improved		false
wh3_settlement_tower_ksl_ice_shards	false	wh3_main_ksl_settlement_tower_4_ice_shard		false
wh3_settlement_tower_ksl_lightning	false	wh3_main_ksl_settlement_tower_3_lightning		false
wh3_settlement_tower_lzd_bolt	false	wh3_main_lzd_settlement_tower_1_bolt		false
wh3_settlement_tower_lzd_bolt_improved	false	wh3_main_lzd_settlement_tower_2_bolt_improved		false
wh3_settlement_tower_lzd_magic_missile	false	wh3_main_lzd_settlement_tower_3_magic_missile		false
wh3_settlement_tower_lzd_solar_engine_beam	false	wh3_main_lzd_settlement_tower_4_solar_engine_beam		false
wh3_settlement_tower_nor_heavy_javelin	false	wh3_main_nor_settlement_tower_3_heavy_javelin		false
wh3_settlement_tower_nor_heavy_javelin_improved	false	wh3_main_nor_settlement_tower_4_heavy_javelin_improved		false
wh3_settlement_tower_nor_javelin	false	wh3_main_nor_settlement_tower_1_javelin		false
wh3_settlement_tower_nor_javelin_improved	false	wh3_main_nor_settlement_tower_2_javelin_improved		false
wh3_settlement_tower_nur_deaths_head	false	wh3_main_nur_settlement_tower_3_deaths_head		false
wh3_settlement_tower_nur_nurgling	false	wh3_main_nur_settlement_tower_1_nurgling		false
wh3_settlement_tower_nur_nurgling_improved	false	wh3_main_nur_settlement_tower_2_nurgling_improved		false
wh3_settlement_tower_nur_phlegm_bombard	false	wh3_main_nur_settlement_tower_4_phlegm_bombard		false
wh3_settlement_tower_ogr_bullet	false	wh3_main_ogr_settlement_tower_1_bullet		false
wh3_settlement_tower_ogr_ironblaster	false	wh3_main_ogr_settlement_tower_4_ironblaster		false
wh3_settlement_tower_ogr_leadbelcher	false	wh3_main_ogr_settlement_tower_2_leadbelcher		false
wh3_settlement_tower_ogr_scraplauncher	false	wh3_main_ogr_settlement_tower_3_scraplauncher		false
wh3_settlement_tower_siege_prototype_watchsettlement_tower_arrow	false	wh_tower_prototype_watchtower_projectile		false
wh3_settlement_tower_skv_doomrocket	false	wh3_main_skv_settlement_tower_4_doomrocket		false
wh3_settlement_tower_skv_sniper_bullet	false	wh3_main_skv_settlement_tower_1_sniper_bullet		false
wh3_settlement_tower_skv_sniper_bullet_improved	false	wh3_main_skv_settlement_tower_2_sniper_bullet_improved		false
wh3_settlement_tower_skv_warp_lightning	false	wh3_main_skv_settlement_tower_3_warp_lightning		false
wh3_settlement_tower_sla_shard	false	wh3_main_sla_settlement_tower_1_shard		false
wh3_settlement_tower_sla_shard_improved	false	wh3_main_sla_settlement_tower_2_shard_improved		false
wh3_settlement_tower_sla_shards	false	wh3_main_sla_settlement_tower_3_shards		false
wh3_settlement_tower_sla_shards_improved	false	wh3_main_sla_settlement_tower_4_shards_improved		false
wh3_settlement_tower_tmb_bolt	false	wh3_main_tmb_settlement_tower_1_bolt		false
wh3_settlement_tower_tmb_bolt_improved	false	wh3_main_tmb_settlement_tower_2_bolt_improved		false
wh3_settlement_tower_tmb_magic_missile	false	wh3_main_tmb_settlement_tower_3_magic_missile		false
wh3_settlement_tower_tmb_magic_missile_improved	false	wh3_main_tmb_settlement_tower_4_magic_missile_improved		false
wh3_settlement_tower_tze_blue_bolt	false	wh3_main_tze_settlement_tower_1_blue_bolt		false
wh3_settlement_tower_tze_blue_bolt_upgraded	false	wh3_main_tze_settlement_tower_2_blue_bolt_upgraded		false
wh3_settlement_tower_tze_iridescent_bolt	false	wh3_main_tze_settlement_tower_4_iridescent_bolt		false
wh3_settlement_tower_tze_pink_bolt	false	wh3_main_tze_settlement_tower_3_pink_bolt		false
wh3_settlement_tower_vmp_bones	false	wh3_main_vmp_settlement_tower_1_bones		false
wh3_settlement_tower_vmp_bones_improved	false	wh3_main_vmp_settlement_tower_2_bones_improved		false
wh3_settlement_tower_vmp_caged_bats	false	wh3_main_vmp_settlement_tower_3_caged_bats	bolt_large	false
wh3_settlement_tower_vmp_corpse_ball	false	wh3_main_vmp_settlement_tower_4_corpse_ball	bolt_large	false
wh3_settlement_tower_wef_arrow	false	wh3_main_wef_settlement_tower_1_arrow		false
wh3_settlement_tower_wef_arrow_hagbane	false	wh3_main_wef_settlement_tower_2_arrow_hagbane		false
wh3_settlement_tower_wef_arrow_starfire	false	wh3_main_wef_settlement_tower_3_arrow_starfire		false
wh3_settlement_tower_wef_arrow_swiftshiver	false	wh3_main_wef_settlement_tower_4_arrow_swiftshiver		false
wh3_survival_tower_brt_arrow	false	wh3_main_brt_survival_tower_1_arrow		false
wh3_survival_tower_brt_arrow_improved	false	wh3_main_brt_survival_tower_2_arrow_improved		false
wh3_survival_tower_brt_blessed_stone	false	wh3_main_brt_survival_tower_3_blessed_stone		false
wh3_survival_tower_brt_carcass	false	wh3_main_brt_survival_tower_4_carcass		false
wh3_survival_tower_bst_arrow	false	wh3_main_bst_survival_tower_1_arrow		false
wh3_survival_tower_bst_arrow_improved	false	wh3_main_bst_survival_tower_2_arrow_improved		false
wh3_survival_tower_bst_rock	false	wh3_main_bst_survival_tower_3_rock		false
wh3_survival_tower_bst_rock_improved	false	wh3_main_bst_survival_tower_4_rock_improved		false
wh3_survival_tower_chs_hellcannon	false	wh3_main_chs_survival_tower_3_hellcannon		false
wh3_survival_tower_chs_hellcannon_improved	false	wh3_main_chs_survival_tower_4_hellcannon_improved		false
wh3_survival_tower_chs_javelin	false	wh3_main_chs_survival_tower_1_javelin		false
wh3_survival_tower_chs_javelin_improved	false	wh3_main_chs_survival_tower_2_javelin_improved		false
wh3_survival_tower_cth_bullet	false	wh3_main_cth_survival_tower_1_bullet		false
wh3_survival_tower_cth_bullet_improved	false	wh3_main_cth_survival_tower_2_bullet_improved		false
wh3_survival_tower_cth_cannon	false	wh3_main_cth_survival_tower_3_cannon		false
wh3_survival_tower_cth_rocket	false	wh3_main_cth_survival_tower_4_rocket		false
wh3_survival_tower_def_bolt	false	wh3_main_def_survival_tower_1_bolt		false
wh3_survival_tower_def_bolt_improved	false	wh3_main_def_survival_tower_2_bolt_improved		false
wh3_survival_tower_def_magic_missile	false	wh3_main_def_survival_tower_3_magic_missile		false
wh3_survival_tower_def_magic_missile_improved	false	wh3_main_def_survival_tower_4_magic_missile_improved		false
wh3_survival_tower_dwf_bullet	false	wh3_main_dwf_survival_tower_1_bullet		false
wh3_survival_tower_dwf_bullet_improved	false	wh3_main_dwf_survival_tower_2_bullet_improved		false
wh3_survival_tower_dwf_cannon_ball	false	wh3_main_dwf_survival_tower_3_cannon_ball		false
wh3_survival_tower_dwf_fused_beer_keg	false	wh3_main_dwf_survival_tower_4_fused_beer_keg		false
wh3_survival_tower_emp_bullet	false	wh3_main_emp_survival_tower_1_bullet		false
wh3_survival_tower_emp_bullet_improved	false	wh3_main_emp_survival_tower_2_bullet_improved		false
wh3_survival_tower_emp_cannon_ball	false	wh3_main_emp_survival_tower_3_cannon_ball		false
wh3_survival_tower_emp_clockwork_bomb	false	wh3_main_emp_survival_tower_4_clockwork_bomb		false
wh3_survival_tower_grn_arrow	false	wh3_main_grn_survival_tower_1_arrow		false
wh3_survival_tower_grn_arrow_improved	false	wh3_main_grn_survival_tower_2_arrow_improved		false
wh3_survival_tower_grn_giant_dungball	false	wh3_main_grn_survival_tower_3_giant_dungball		false
wh3_survival_tower_grn_rock_idol	false	wh3_main_grn_survival_tower_4_rock_idol		false
wh3_survival_tower_hef_bolt	false	wh3_main_hef_survival_tower_1_bolt		false
wh3_survival_tower_hef_bolt_improved	false	wh3_main_hef_survival_tower_2_bolt_improved		false
wh3_survival_tower_hef_magic_missile	false	wh3_main_hef_survival_tower_3_magic_missile		false
wh3_survival_tower_hef_magic_missile_improved	false	wh3_main_hef_survival_tower_4_magic_missile_improved		false
wh3_survival_tower_kho_harvester_cannon	false	wh3_main_kho_survival_tower_1_harvester_cannon		false
wh3_survival_tower_kho_harvester_cannon_improved	false	wh3_main_kho_survival_tower_2_harvester_cannon_improved		false
wh3_survival_tower_kho_skullcannon	false	wh3_main_kho_survival_tower_3_skullcannon		false
wh3_survival_tower_kho_skullcannon_improved	false	wh3_main_kho_survival_tower_4_skullcannon_improved		false
wh3_survival_tower_ksl_crossbow	false	wh3_main_ksl_survival_tower_1_crossbow		false
wh3_survival_tower_ksl_crossbow_improved	false	wh3_main_ksl_survival_tower_2_crossbow_improved		false
wh3_survival_tower_ksl_ice_shard	false	wh3_main_ksl_survival_tower_4_ice_shard		false
wh3_survival_tower_ksl_lightning	false	wh3_main_ksl_survival_tower_3_lightning		false
wh3_survival_tower_lzd_bolt	false	wh3_main_lzd_survival_tower_1_bolt		false
wh3_survival_tower_lzd_bolt_improved	false	wh3_main_lzd_survival_tower_2_bolt_improved		false
wh3_survival_tower_lzd_magic_missile	false	wh3_main_lzd_survival_tower_3_magic_missile		false
wh3_survival_tower_lzd_solar_engine_beam	false	wh3_main_lzd_survival_tower_4_solar_engine_beam		false
wh3_survival_tower_nor_heavy_javelin	false	wh3_main_nor_survival_tower_3_heavy_javelin		false
wh3_survival_tower_nor_heavy_javelin_improved	false	wh3_main_nor_survival_tower_4_heavy_javelin_improved		false
wh3_survival_tower_nor_javelin	false	wh3_main_nor_survival_tower_1_javelin		false
wh3_survival_tower_nor_javelin_improved	false	wh3_main_nor_survival_tower_2_javelin_improved		false
wh3_survival_tower_nur_deaths_head	false	wh3_main_nur_survival_tower_3_deaths_head		false
wh3_survival_tower_nur_nurgling	false	wh3_main_nur_survival_tower_1_nurgling		false
wh3_survival_tower_nur_nurgling_improved	false	wh3_main_nur_survival_tower_2_nurgling_improved		false
wh3_survival_tower_nur_phlegm_bombard	false	wh3_main_nur_survival_tower_4_phlegm_bombard		false
wh3_survival_tower_ogr_bullet	false	wh3_main_ogr_survival_tower_1_bullet		false
wh3_survival_tower_ogr_ironblaster	false	wh3_main_ogr_survival_tower_4_ironblaster		false
wh3_survival_tower_ogr_leadbelcher	false	wh3_main_ogr_survival_tower_2_leadbelcher		false
wh3_survival_tower_ogr_scraplauncher	false	wh3_main_ogr_survival_tower_3_scraplauncher		false
wh3_survival_tower_skv_doomrocket	false	wh3_main_skv_survival_tower_4_doomrocket		false
wh3_survival_tower_skv_sniper_bullet	false	wh3_main_skv_survival_tower_1_sniper_bullet		false
wh3_survival_tower_skv_sniper_bullet_improved	false	wh3_main_skv_survival_tower_2_sniper_bullet_improved		false
wh3_survival_tower_skv_warp_lightning	false	wh3_main_skv_survival_tower_3_warp_lightning		false
wh3_survival_tower_sla_shard	false	wh3_main_sla_survival_tower_1_shard		false
wh3_survival_tower_sla_shard_improved	false	wh3_main_sla_survival_tower_2_shard_improved		false
wh3_survival_tower_sla_shards	false	wh3_main_sla_survival_tower_3_shards		false
wh3_survival_tower_sla_shards_improved	false	wh3_main_sla_survival_tower_4_shards_improved		false
wh3_survival_tower_tmb_bolt	false	wh3_main_tmb_survival_tower_1_bolt		false
wh3_survival_tower_tmb_bolt_improved	false	wh3_main_tmb_survival_tower_2_bolt_improved		false
wh3_survival_tower_tmb_magic_missile	false	wh3_main_tmb_survival_tower_3_magic_missile		false
wh3_survival_tower_tmb_magic_missile_improved	false	wh3_main_tmb_survival_tower_4_magic_missile_improved		false
wh3_survival_tower_tze_blue_bolt	false	wh3_main_tze_survival_tower_1_blue_bolt		false
wh3_survival_tower_tze_blue_bolt_upgraded	false	wh3_main_tze_survival_tower_2_blue_bolt_upgraded		false
wh3_survival_tower_tze_iridescent_bolt	false	wh3_main_tze_survival_tower_4_iridescent_bolt		false
wh3_survival_tower_tze_pink_bolt	false	wh3_main_tze_survival_tower_3_pink_bolt		false
wh3_survival_tower_vmp_bones	false	wh3_main_vmp_survival_tower_1_bones		false
wh3_survival_tower_vmp_bones_improved	false	wh3_main_vmp_survival_tower_2_bones_improved		false
wh3_survival_tower_vmp_caged_bats	false	wh3_main_vmp_survival_tower_3_caged_bats		false
wh3_survival_tower_vmp_corpse_ball	false	wh3_main_vmp_survival_tower_4_corpse_ball		false
wh3_survival_tower_wef_arrow	false	wh3_main_wef_survival_tower_1_arrow		false
wh3_survival_tower_wef_arrow_hagbane	false	wh3_main_wef_survival_tower_2_arrow_hagbane		false
wh3_survival_tower_wef_arrow_starfire	false	wh3_main_wef_survival_tower_3_arrow_starfire		false
wh3_survival_tower_wef_arrow_swiftshiver	false	wh3_main_wef_survival_tower_4_arrow_swiftshiver		false
wh3_twa06_ogr_pistol_bullet_ror	false	wh3_twa06_ogr_pistol_bullet_ror	pistol_Ogre	false
wh3_twa06_tze_pink_exalted_horror_fire_bolt_ror	false	wh3_twa06_tze_pink_exalted_horror_fire_bolt_ror		false
wh3_twa10_cth_peasant_bow_arrow	false	wh3_twa10_cth_peasant_bow_arrow	bow	false
wh_dlc03_bst_centigor_throwing_axe	false	wh_dlc03_bst_centigor_throwing_axe		false
wh_dlc03_bst_cygor_rock	false	wh_dlc03_bst_cygor_boulder		false
wh_dlc03_bst_cygor_rock_boss	false	wh_dlc03_bst_cygor_boulder_boss	none	false
wh_dlc03_bst_ungor_bow	false	wh_dlc03_bst_ungor_arrow	bow	false
wh_dlc04_emp_cannon_hammer_witches	false	wh_dlc04_emp_great_cannon_ball_hammer_witches	great_cannon	false
wh_dlc04_emp_free_company_pistol	false	wh_dlc04_emp_free_company_pistol_bullet	pistol	false
wh_dlc04_emp_free_company_pistol_upgraded	false	wh_dlc04_emp_free_company_pistol_bullet_exploding	pistol	false
wh_dlc04_emp_rifle_silver_bullets	false	wh_dlc04_emp_rifle_bullet_silver_bullets	repeater_gun	false
wh_dlc04_emp_rifle_silver_bullets_upgraded	false	wh_dlc04_emp_rifle_bullet_silver_bullets_exploding	repeater_gun	false
wh_dlc04_emp_stirlands_pistol	false	wh_dlc04_emp_stirlands_pistol_bullet	pistol	false
wh_dlc04_emp_stirlands_pistol_blessed	false	wh_dlc04_emp_stirlands_pistol_bullet_blessed	pistol	false
wh_dlc04_emp_stirlands_pistol_upgraded	false	wh_dlc04_emp_stirlands_pistol_bullet_exploding	pistol	false
wh_dlc04_emp_sunmaker_rocket	false	wh_dlc04_emp_sunmaker_rocket	rocket_battery	false
wh_dlc04_emp_sunmaker_rocket_upgraded	false	wh_dlc04_emp_sunmaker_rocket_fuse	rocket_battery	false
wh_dlc05_wef_durthu_arrow	false	wh_dlc05_wef_treemen_arrow	bow	false
wh_dlc05_wef_glade_lord_bow	false	wh_dlc05_wef_cha_trueflight_arrow	bow_LH	false
wh_dlc05_wef_hagbane_bow	false	wh_dlc05_wef_hagbane_arrow	bow	false
wh_dlc05_wef_hagbane_bow_mounted	false	wh_dlc05_wef_hagbane_arrow_mounted	bow	false
wh_dlc05_wef_hawk_rider_bow	false	wh_dlc05_wef_hawk_rider_arrow	bow	false
wh_dlc05_wef_javelin	false	wh_dlc05_wef_javelin	javelin	false
wh_dlc05_wef_naestra_bow	false	wh_dlc05_wef_cha_trueflight_arrow	bow_LH	false
wh_dlc05_wef_orion_spear	false	wh_dlc05_wef_orion_spear		false
wh_dlc05_wef_scout_bow	false	wh_dlc05_wef_scout_arrow	bow	false
wh_dlc05_wef_standard_bow	false	wh_dlc05_wef_standard_arrow	bow	false
wh_dlc05_wef_standard_bow_mounted	false	wh_dlc05_wef_standard_arrow_mounted	bow	false
wh_dlc05_wef_starfire_bow	false	wh_dlc05_wef_starfire_arrow	bow	false
wh_dlc05_wef_starfire_bow_mounted	false	wh_dlc05_wef_starfire_arrow_mounted	bow	false
wh_dlc05_wef_swift_shiver_bow	false	wh_dlc05_wef_swiftshiver_arrow	bow	false
wh_dlc05_wef_treemen_arrow	false	wh_dlc05_wef_treemen_arrow		false
wh_dlc05_wef_waywatchers_bow	false	wh_dlc05_wef_waywatchers_arrow	bow	false
wh_dlc06_dwf_blasting_charges_ekrund	false	wh_dlc06_blasting_charge_ekrund		false
wh_dlc06_dwf_bolt_thrower_bolt	false	wh_dwf_bolt_thrower_bolt	bolt_large	false
wh_dlc06_dwf_bolt_thrower_bolt_flaming	false	wh_dwf_bolt_thrower_bolt_flaming	bolt_large	false
wh_dlc06_dwf_bolt_thrower_bolt_penetrating	false	wh_dwf_bolt_thrower_bolt_penetrating	bolt_large	false
wh_dlc06_dwf_bolt_thrower_bolt_seeking	false	wh_dwf_bolt_thrower_bolt_seeking	bolt_large	false
wh_dlc06_dwf_cinderblast_bomb	false	wh_dlc06_norgrimlings_cinder_bomb		false
wh_dlc06_dwf_crossow_bolt_bugmans_rangers	false	wh_dlc06_dwf_crossow_bolt_bugmans_rangers	crossbow	false
wh_dlc06_dwf_drakegun_skolder	false	wh_dwf_drakegun_skolder	drakegun	false
wh_dlc06_dwf_raiders_throwing_axe	false	wh_dlc06_dwf_rangers_throwing_axe		false
wh_dlc06_dwf_rangers_throwing_axe	false	wh_dlc06_dwf_rangers_throwing_axe		false
wh_dlc06_emp_witchhunter_boss_pistol	false	wh_emp_witchhunter_boss_pistol	pistol_LH	false
wh_dlc06_grn_goblin_bow_mogrubb	false	wh_dlc06_grn_goblin_arrow_mogrubb	bow	false
wh_dlc06_grn_goblin_rock_lobber_rock_gork	false	wh_dlc06_grn_goblin_rock_lobber_rock_blinded		false
wh_dlc06_grn_grudge_thrower_goblin	false	wh_dwf_grudge_stone_goblin		false
wh_dlc06_grn_grudge_thrower_goblin_flaming	false	wh_dwf_grudge_stone_goblin_flaming		false
wh_dlc06_grn_grudge_thrower_goblin_penetrating	false	wh_dwf_grudge_stone_goblin_penetrating		false
wh_dlc06_grn_grudge_thrower_goblin_seeking	false	wh_dwf_grudge_stone_goblin_seeking		false
wh_dlc07_brt_blessed_trebuchet	false	wh_dlc07_brt_trebuchet_blessed_stone		false
wh_dlc07_brt_longbow_fire	false	wh_brt_longbow_arrow_fire	bow	false
wh_dlc07_brt_longbow_pox	false	wh_brt_longbow_arrow_pox	bow	false
wh_dlc08_nor_cav_marauder_warwolves_chariot_throwing_axe	false	wh_dlc08_nor_cav_marauder_warwolves_chariot_throwing_axe		false
wh_dlc08_nor_hellcannon_ice	false	wh_dlc08_nor_hellcannon_blast_ice	hell_cannon_ice_forged_legion	false
wh_dlc08_nor_javelin_heavy	false	wh_nor_javelin_heavy	javelin	false
wh_dlc08_nor_throwing_axe	false	wh2_nor_throwing_axe	none	false
wh_dlc08_wef_waywatchers_bow_RoR	false	wh_dlc08_wef_waywatchers_arrow_RoR	bow	false
wh_dlc14_dwf_master_engineer_rifle_magical	false	wh_dlc14_dwf_master_engineer_rifle_bullet_magical	repeater_gun_LH	false
wh_dlc16_wef_orion_spear_anti_large	false	wh_dlc16_wef_orion_spear_anti_large		false
wh_emp_crossbow_bolt_anti_large	false	wh_emp_crossbow_bolt_anti_large	crossbow	false
wh_main_brt_horse_bow	false	wh_brt_arrow_horse	bow	false
wh_main_brt_longbow	false	wh_brt_longbow_arrow	bow	false
wh_main_brt_trebuchet	false	wh_brt_trebuchet_stone		false
wh_main_chs_hellcannon	false	wh_chs_hellcannon_blast	hell_cannon	false
wh_main_chs_javelin	false	wh_chs_javelin	javelin	false
wh_main_chs_javelin_heavy	false	wh_chs_javelin_heavy	javelin	false
wh_main_chs_throwing_axe	false	wh_chs_throwing_axe		false
wh_main_dwf_blasting_charges	false	wh_dwf_miners_blasting_charge		false
wh_main_dwf_cannon	false	wh_dwf_cannon_ball	cannon	false
wh_main_dwf_cannon_flaming	false	wh_dwf_cannon_ball_flaming	cannon	false
wh_main_dwf_cannon_penetrating	false	wh_dwf_cannon_ball_penetrating	cannon	false
wh_main_dwf_cannon_seeking	false	wh_dwf_cannon_ball_seeking	cannon	false
wh_main_dwf_cinderblast_bomb	false	wh_dwf_ironbreakers_cinderblast_bomb		false
wh_main_dwf_clatter_gun	false	wh_dwf_gyrobomber_clattergun_bullet	clattergun	false
wh_main_dwf_copter_brimstone_gun	false	wh3_dlc25_dwf_gyrocopter_brimstone_shot	brinstone_gun	false
wh_main_dwf_copter_steam_gun	false	wh_dwf_gyrocopter_steam_shot	steamgun_copter	false
wh_main_dwf_crossbow	false	wh_dwf_crossow_bolt	crossbow	false
wh_main_dwf_drakegun	false	wh_dwf_drakegun_flame	drakegun	false
wh_main_dwf_drakegun_trollhammer_torpedo	false	wh_dwf_drakegun_trollhammer	troll_hammer	false
wh_main_dwf_flame_cannon	false	wh_dwf_flame_cannon_flame	flame_cannon	false
wh_main_dwf_flame_cannon_flaming	false	wh_dwf_flame_cannon_flaming	flame_cannon	false
wh_main_dwf_flame_cannon_penetrating	false	wh_dwf_flame_cannon_flame_penetrating	flame_cannon	false
wh_main_dwf_flame_cannon_seeking	false	wh_dwf_flame_cannon_flame_seeking	flame_cannon	false
wh_main_dwf_flame_cannon_shrapnel	false	wh3_dlc25_flame_cannon_flame_shrapnel_stage_1	flame_cannon	false
wh_main_dwf_grudge_thrower	false	wh_dwf_grudge_stone		false
wh_main_dwf_grudge_thrower_flaming	false	wh_dwf_grudge_stone_flaming		false
wh_main_dwf_grudge_thrower_penetrating	false	wh_dwf_grudge_stone_penetrating		false
wh_main_dwf_grudge_thrower_seeking	false	wh_dwf_grudge_stone_seeking		false
wh_main_dwf_master_engineer_rifle	false	wh_dwf_master_engineer_rifle_bullet	repeater_gun_LH	false
wh_main_dwf_master_engineer_rifle_explosive	false	wh_dwf_master_engineer_rifle_bullet_explosive	repeater_gun_LH	false
wh_main_dwf_organ_gun	false	wh_dwf_organ_gun	orgun_gun	false
wh_main_dwf_organ_gun_flaming	false	wh_dwf_organ_gun_flaming	orgun_gun	false
wh_main_dwf_organ_gun_penetrating	false	wh_dwf_organ_gun_penetrating	orgun_gun	false
wh_main_dwf_organ_gun_seeking	false	wh_dwf_organ_gun_seeking	orgun_gun	false
wh_main_dwf_rifle	false	wh_dwf_rifle_bullet	repeater_gun	false
wh_main_emp_cannon	false	wh_emp_great_cannon_ball	great_cannon	false
wh_main_emp_crossbow	false	wh_emp_crossbow_bolt	crossbow	false
wh_main_emp_grenade_launcher	false	wh_emp_grenade	grenade_launcher	false
wh_main_emp_helblaster_volley_gun	false	wh_emp_helblaster_volley_gun_bullet	gatling_gun	false
wh_main_emp_helblaster_volley_gun_upgraded	false	wh_emp_helblaster_volley_gun_bullet_upgraded	gatling_gun	false
wh_main_emp_mortar	false	wh_emp_mortar_shell	mortar	false
wh_main_emp_pistol	false	wh_emp_pistol_bullet	pistol	false
wh_main_emp_rifle	false	wh_emp_rifle_bullet	repeater_gun	false
wh_main_emp_rifle_ironsides	false	wh3_dlc25_emp_rifle_bullet_ironsides	repeater_gun	false
wh_main_emp_rifle_ironsides_morr	false	wh3_dlc25_emp_rifle_bullet_ironsides_morr	repeater_gun	false
wh_main_emp_rifle_ironsides_morr_upgraded	false	wh3_dlc25_emp_rifle_bullet_ironsides_morr_exploding	repeater_gun	false
wh_main_emp_rifle_ironsides_upgraded	false	wh3_dlc25_emp_rifle_bullet_ironsides_exploding	repeater_gun	false
wh_main_emp_rifle_repeater_upgraded_engineer	false	wh3_dlc25_emp_rifle_repeater_bullet_upgraded_engineer	repeater_rifle	false
wh_main_emp_rifle_upgraded	false	wh_emp_rifle_bullet_exploding	repeater_gun	false
wh_main_emp_rocket_battery	false	wh_emp_rocket	rocket_battery	false
wh_main_emp_rocket_battery_upgraded	false	wh_main_emp_rocket_battery_fuse	rocket_battery	false
wh_main_emp_steam_tank_cannon_ball	false	wh_emp_steam_tank_cannon_ball		false
wh_main_emp_steam_tank_steam_gun	false	wh_emp_steam_tank_steam_shot	steamgun_tank	true
wh_main_emp_witchhunter_pistol	false	wh_emp_witchhunter_pistol	pistol_LH	false
wh_main_grn_arachnarok_rider_bow	false	wh_grn_arachnarok_rider_arrow_poison	bow	false
wh_main_grn_doom_diver_catapult	false	wh_grn_doomdiver_goblin		false
wh_main_grn_goblin_bow	false	wh_grn_goblin_arrow	bow	false
wh_main_grn_goblin_bow_poison	false	wh_grn_goblin_arrow_poison_night_goblin	bow	false
wh_main_grn_goblin_bow_poison_spider_rider	false	wh_grn_goblin_arrow_poison_spider_mounted	bow	false
wh_main_grn_goblin_bow_sundered	false	wh_grn_goblin_arrow_sundered_night_goblin	bow	false
wh_main_grn_goblin_bow_wolf_riders	false	wh_grn_goblin_arrow_wolf_mounted	bow	false
wh_main_grn_goblin_rock_lobber_rock	false	wh_main_grn_goblin_rock_lobber_rock		false
wh_main_grn_orc_bow	false	wh_grn_orc_arrow	bow	false
wh_main_grn_wolf_chariot_bow	false	wh_grn_wolf_chariot_arrow	bow	false
wh_main_solheims_bolt_of_illumination	false	wh_main_bound_spell_solheims_bolt_of_illumination	luminark	false
wh_pro04_brt_horse_bow_poison	false	wh_brt_arrow_horse_pox	bow	false
wh_pro04_bst_cygor_rock_ror	false	wh_pro04_bst_cygor_boulder_ror	none	false
wh_pro04_chs_hellcannon_ror	false	wh_pro04_chs_hellcannon_blast_ror	hell_cannon_soul_damnation	false
wh_test_templehof_luminark	false	wh_main_bound_spell_solheims_bolt_of_illumination	repeater_rifle	false
