bonus_value_id	effect	unit_record_key
#effect_bonus_value_unit_record_junctions_tables;0;db/effect_bonus_value_unit_record_junctions_tables/data__		
unit_cap	wh2_dlc15_effect_unit_cap_mistwalkers_melee_knights	wh2_dlc15_hef_inf_mistwalkers_griffon_knights_0
unit_cap	wh2_dlc15_effect_unit_cap_mistwalkers_melee	wh2_dlc15_hef_inf_mistwalkers_faithbearers_0
unit_cap	wh2_dlc15_effect_unit_cap_mistwalkers_tier1	wh2_dlc15_hef_inf_mistwalkers_faithbearers_0
unit_cap	wh2_dlc15_effect_unit_cap_mistwalkers_tier1	wh2_dlc15_hef_inf_mistwalkers_spireguard_0
unit_cap	wh2_dlc15_effect_unit_cap_mistwalkers_tier2	wh2_dlc15_hef_inf_mistwalkers_sentinels_0
unit_cap	wh2_dlc15_effect_unit_cap_mistwalkers_tier2	wh2_dlc15_hef_inf_mistwalkers_skyhawks_0
damage_resistance_all_mod	wh2_dlc16_effect_character_stat_mod_ward_save_ariel	wh2_dlc16_wef_cha_ariel_0
cost_mod	wh2_dlc17_effect_emp_cost_knights_of_the_blazing_sun_dummy	wh_dlc04_emp_cav_knights_blazing_sun_0
upkeep_mod	wh2_dlc17_effect_emp_cost_knights_of_the_blazing_sun_dummy	wh_dlc04_emp_cav_knights_blazing_sun_0
cost_mod	wh2_dlc17_effect_emp_cost_knights_of_the_blazing_sun	wh_dlc04_emp_cav_knights_blazing_sun_0
upkeep_mod	wh2_dlc17_effect_emp_cost_knights_of_the_blazing_sun	wh_dlc04_emp_cav_knights_blazing_sun_0
damage_resistance_missile_mod	wh2_dlc17_effect_missile_resistance_troglodon_coatl_oracle	wh2_dlc17_lzd_cha_skink_oracle_troglodon_0
unit_cap	wh2_dlc17_effect_unit_cap_bst_bestigors	wh_dlc03_bst_inf_bestigor_herd_0
unit_cap	wh2_dlc17_effect_unit_cap_bst_centigors	wh_dlc03_bst_inf_centigors_0
unit_cap	wh2_dlc17_effect_unit_cap_bst_chaos_spawn	wh_dlc03_bst_mon_chaos_spawn_0
unit_cap	wh2_dlc17_effect_unit_cap_bst_ghorgon	wh2_dlc17_bst_mon_ghorgon_0
unit_cap	wh2_dlc17_effect_unit_cap_bst_minotaurs_all	wh_dlc03_bst_inf_minotaurs_0
unit_cap	wh2_dlc17_effect_unit_cap_bst_minotaurs_all	wh_dlc03_bst_inf_minotaurs_1
unit_cap	wh2_dlc17_effect_unit_cap_bst_minotaurs_all	wh_dlc03_bst_inf_minotaurs_2
unit_cap	wh2_dlc17_effect_unit_cap_bst_minotaurs_great_weapons	wh_dlc03_bst_inf_minotaurs_2
unit_cap	wh2_dlc17_effect_unit_cap_bst_minotaurs	wh_dlc03_bst_inf_minotaurs_0
unit_cap	wh2_dlc17_effect_unit_cap_centigors_throwing_axes	wh_dlc03_bst_inf_centigors_1
unit_cap	wh2_dlc17_effect_unit_cap_centirgors_great_weapons	wh_dlc03_bst_inf_centigors_2
unit_cap	wh2_dlc17_effect_unit_cap_chaos_warhounds_poison	wh_dlc03_bst_inf_chaos_warhounds_1
unit_cap	wh2_dlc17_effect_unit_cap_chaos_warhounds	wh_dlc03_bst_inf_chaos_warhounds_0
unit_cap	wh2_dlc17_effect_unit_cap_cygor	wh_dlc03_bst_inf_cygor_0
unit_cap	wh2_dlc17_effect_unit_cap_ghorgon_jabberslythe_giant_cygor	wh2_dlc17_bst_mon_ghorgon_0
unit_cap	wh2_dlc17_effect_unit_cap_ghorgon_jabberslythe_giant_cygor	wh2_dlc17_bst_mon_jabberslythe_0
unit_cap	wh2_dlc17_effect_unit_cap_ghorgon_jabberslythe_giant_cygor	wh_dlc03_bst_inf_cygor_0
unit_cap	wh2_dlc17_effect_unit_cap_ghorgon_jabberslythe_giant_cygor	wh_dlc03_bst_mon_giant_0
unit_cap	wh2_dlc17_effect_unit_cap_giant	wh_dlc03_bst_mon_giant_0
unit_cap	wh2_dlc17_effect_unit_cap_gor_herd_shields	wh_dlc03_bst_inf_gor_herd_1
unit_cap	wh2_dlc17_effect_unit_cap_gor_herd	wh_dlc03_bst_inf_gor_herd_0
unit_cap	wh2_dlc17_effect_unit_cap_harpies	wh_dlc05_bst_mon_harpies_0
unit_cap	wh2_dlc17_effect_unit_cap_jabberslythe	wh2_dlc17_bst_mon_jabberslythe_0
unit_cap	wh2_dlc17_effect_unit_cap_minotaurs_shield	wh_dlc03_bst_inf_minotaurs_1
unit_cap	wh2_dlc17_effect_unit_cap_razorgor_chariots	wh_dlc03_bst_cav_razorgor_chariot_0
unit_cap	wh2_dlc17_effect_unit_cap_razorgor_herd	wh_dlc03_bst_inf_razorgor_herd_0
unit_cap	wh2_dlc17_effect_unit_cap_tuskgor_chariots	wh2_dlc17_bst_cav_tuskgor_chariot_0
unit_cap	wh2_dlc17_effect_unit_cap_ungor_herd	wh_dlc03_bst_inf_ungor_herd_1
unit_cap	wh2_dlc17_effect_unit_cap_ungor_raiders	wh_dlc03_bst_inf_ungor_raiders_0
unit_cap	wh2_dlc17_effect_unit_cap_ungor_spearmen_herd	wh_dlc03_bst_inf_ungor_spearmen_1
upkeep_mod	wh2_dlc17_effect_upkeep_troglodon_coatl_oracle	wh2_dlc17_lzd_cha_skink_oracle_troglodon_0
melee_attack_mod	wh3_dlc20_effect_melee_attack_poison_warhounds	wh_main_chs_mon_chaos_warhounds_1
mercenary_province_pool_capacity_mod	wh3_dlc20_effect_province_merc_capacity_aspiring_champions	wh_dlc06_chs_inf_aspiring_champions_0
mercenary_province_pool_capacity_mod	wh3_dlc20_effect_province_merc_capacity_chaos_chariots_kho	wh3_dlc20_chs_cav_chaos_chariot_mkho
mercenary_province_pool_capacity_mod	wh3_dlc20_effect_province_merc_capacity_chaos_chariots_nur	wh3_dlc20_chs_cav_chaos_chariot_mnur
mercenary_province_pool_capacity_mod	wh3_dlc20_effect_province_merc_capacity_chaos_chariots_sla	wh3_dlc20_chs_cav_chaos_chariot_msla
mercenary_province_pool_capacity_mod	wh3_dlc20_effect_province_merc_capacity_chaos_chariots_tze	wh3_dlc20_chs_cav_chaos_chariot_mtze
mercenary_province_pool_capacity_mod	wh3_dlc20_effect_province_merc_capacity_chaos_chariots_und	wh_main_chs_cav_chaos_chariot
mercenary_province_pool_capacity_mod	wh3_dlc20_effect_province_merc_capacity_chaos_spawn_und	wh_main_chs_mon_chaos_spawn
mercenary_province_pool_capacity_mod	wh3_dlc20_effect_province_merc_capacity_chaos_warriors_kho	wh3_main_kho_inf_chaos_warriors_0
mercenary_province_pool_capacity_mod	wh3_dlc20_effect_province_merc_capacity_chaos_warriors_nur	wh3_dlc20_chs_inf_chaos_warriors_mnur
mercenary_province_pool_capacity_mod	wh3_dlc20_effect_province_merc_capacity_chaos_warriors_sla	wh3_dlc20_chs_inf_chaos_warriors_msla
mercenary_province_pool_capacity_mod	wh3_dlc20_effect_province_merc_capacity_chaos_warriors_tze	wh3_dlc20_chs_inf_chaos_warriors_mtze
mercenary_province_pool_capacity_mod	wh3_dlc20_effect_province_merc_capacity_chaos_warriors_und	wh_main_chs_inf_chaos_warriors_0
mercenary_province_pool_capacity_mod	wh3_dlc20_effect_province_merc_capacity_chs_trolls	wh_main_chs_mon_trolls
mercenary_province_pool_capacity_mod	wh3_dlc20_effect_province_merc_capacity_daemonettes	wh3_main_sla_inf_daemonette_0
mercenary_province_pool_capacity_mod	wh3_dlc20_effect_province_merc_capacity_dragon_ogres	wh_dlc01_chs_mon_dragon_ogre
mercenary_province_pool_capacity_mod	wh3_dlc20_effect_province_merc_capacity_forsaken_spawn_kho	wh3_dlc20_chs_inf_forsaken_mkho
mercenary_province_pool_capacity_mod	wh3_dlc20_effect_province_merc_capacity_forsaken_spawn_kho	wh3_main_kho_mon_spawn_of_khorne_0
mercenary_province_pool_capacity_mod	wh3_dlc20_effect_province_merc_capacity_forsaken_spawn_nur	wh3_main_nur_inf_forsaken_0
mercenary_province_pool_capacity_mod	wh3_dlc20_effect_province_merc_capacity_forsaken_spawn_nur	wh3_main_nur_mon_spawn_of_nurgle_0_warriors
mercenary_province_pool_capacity_mod	wh3_dlc20_effect_province_merc_capacity_forsaken_spawn_sla	wh3_dlc20_chs_inf_forsaken_msla
mercenary_province_pool_capacity_mod	wh3_dlc20_effect_province_merc_capacity_forsaken_spawn_sla	wh3_main_sla_mon_spawn_of_slaanesh_0
mercenary_province_pool_capacity_mod	wh3_dlc20_effect_province_merc_capacity_forsaken_spawn_tze	wh3_main_tze_inf_forsaken_0
mercenary_province_pool_capacity_mod	wh3_dlc20_effect_province_merc_capacity_forsaken_spawn_tze	wh3_main_tze_mon_spawn_of_tzeentch_0
mercenary_province_pool_capacity_mod	wh3_dlc20_effect_province_merc_capacity_forsaken_spawn_und	wh_dlc01_chs_inf_forsaken_0
mercenary_province_pool_capacity_mod	wh3_dlc20_effect_province_merc_capacity_forsaken_spawn_und	wh_main_chs_mon_chaos_spawn
mercenary_province_pool_capacity_mod	wh3_dlc20_effect_province_merc_capacity_forsaken_und	wh_dlc01_chs_inf_forsaken_0
mercenary_province_pool_capacity_mod	wh3_dlc20_effect_province_merc_capacity_giants	wh_main_chs_mon_giant
mercenary_province_pool_capacity_mod	wh3_dlc20_effect_province_merc_capacity_knights_kho	wh3_dlc20_chs_cav_chaos_knights_mkho
mercenary_province_pool_capacity_mod	wh3_dlc20_effect_province_merc_capacity_knights_nur	wh3_dlc20_chs_cav_chaos_knights_mnur
mercenary_province_pool_capacity_mod	wh3_dlc20_effect_province_merc_capacity_knights_sla	wh3_dlc20_chs_cav_chaos_knights_msla
mercenary_province_pool_capacity_mod	wh3_dlc20_effect_province_merc_capacity_knights_tze	wh3_main_tze_cav_chaos_knights_0
mercenary_province_pool_capacity_mod	wh3_dlc20_effect_province_merc_capacity_knights_und	wh_main_chs_cav_chaos_knights_0
mercenary_province_pool_capacity_mod	wh3_dlc20_effect_province_merc_capacity_manticores	wh_dlc06_chs_feral_manticore
mercenary_province_pool_capacity_mod	wh3_dlc20_effect_province_merc_capacity_marauder_cavalry_kho	wh3_dlc20_chs_cav_marauder_horsemen_mkho_throwing_axes
mercenary_province_pool_capacity_mod	wh3_dlc20_effect_province_merc_capacity_marauder_cavalry_nur	wh3_dlc20_chs_cav_marauder_horsemen_mnur_throwing_axes
mercenary_province_pool_capacity_mod	wh3_dlc20_effect_province_merc_capacity_marauder_cavalry_sla	wh3_dlc20_chs_cav_marauder_horsemen_msla_javelins
mercenary_province_pool_capacity_mod	wh3_dlc20_effect_province_merc_capacity_marauder_cavalry_tze	wh3_dlc20_chs_cav_marauder_horsemen_mtze_javelins
mercenary_province_pool_capacity_mod	wh3_dlc20_effect_province_merc_capacity_marauder_cavalry_und	wh_main_chs_cav_marauder_horsemen_0
mercenary_province_pool_capacity_mod	wh3_dlc20_effect_province_merc_capacity_marauders_kho	wh3_dlc20_chs_inf_chaos_marauders_mkho
mercenary_province_pool_capacity_mod	wh3_dlc20_effect_province_merc_capacity_marauders_nur	wh3_dlc20_chs_inf_chaos_marauders_mnur
mercenary_province_pool_capacity_mod	wh3_dlc20_effect_province_merc_capacity_marauders_sla	wh3_dlc20_chs_inf_chaos_marauders_msla
mercenary_province_pool_capacity_mod	wh3_dlc20_effect_province_merc_capacity_marauders_tze	wh3_dlc20_chs_inf_chaos_marauders_mtze
mercenary_province_pool_capacity_mod	wh3_dlc20_effect_province_merc_capacity_marauders_und	wh_main_chs_inf_chaos_marauders_0
mercenary_province_pool_capacity_mod	wh3_dlc20_effect_province_merc_capacity_nurglings	wh3_main_nur_inf_nurglings_0
mercenary_province_pool_capacity_mod	wh3_dlc20_effect_province_merc_capacity_screamers	wh3_main_tze_mon_screamers_0
mercenary_province_pool_capacity_mod	wh3_dlc20_effect_province_merc_capacity_warhounds_kho	wh3_main_kho_inf_chaos_warhounds_0
mercenary_province_pool_capacity_mod	wh3_dlc20_effect_province_merc_capacity_warhounds_poison	wh_main_chs_mon_chaos_warhounds_1
mercenary_province_pool_capacity_mod	wh3_dlc20_effect_province_merc_capacity_warhounds_und	wh_main_chs_mon_chaos_warhounds_0
battle_healing_cap_mod	wh3_dlc23_effect_healing_cap_chd_warmachines	wh3_dlc23_chd_veh_deathshrieker_rocket_launcher
battle_healing_cap_mod	wh3_dlc23_effect_healing_cap_chd_warmachines	wh3_dlc23_chd_veh_dreadquake_mortar
battle_healing_cap_mod	wh3_dlc23_effect_healing_cap_chd_warmachines	wh3_dlc23_chd_veh_iron_daemon
battle_healing_cap_mod	wh3_dlc23_effect_healing_cap_chd_warmachines	wh3_dlc23_chd_veh_iron_daemon_1dreadquake
battle_healing_cap_mod	wh3_dlc23_effect_healing_cap_chd_warmachines	wh3_dlc23_chd_veh_iron_daemon_ror
battle_healing_cap_mod	wh3_dlc23_effect_healing_cap_chd_warmachines	wh3_dlc23_chd_veh_iron_daemon_ror_1dreadquake
battle_healing_cap_mod	wh3_dlc23_effect_healing_cap_chd_warmachines	wh3_dlc23_chd_veh_magma_cannon
battle_healing_cap_mod	wh3_dlc23_effect_healing_cap_chd_warmachines	wh3_dlc23_chd_veh_skullcracker
battle_healing_cap_mod	wh3_dlc23_effect_healing_cap_chd_warmachines	wh3_dlc23_chd_veh_skullcracker_1dreadquake
battle_healing_cap_mod	wh3_dlc23_effect_healing_cap_chd_warmachines	wh3_main_chd_art_hobgob_bolt_thrower
battle_healing_cap_mod	wh3_dlc23_effect_healing_cap_chd_warmachines	wh_dlc08_nor_art_hellcannon_battery
battle_healing_cap_mod	wh3_dlc23_effect_healing_cap_chd_warmachines	wh_main_chs_art_hellcannon
battle_healing_cap_mod	wh3_dlc23_effect_healing_cap_chd_warmachines	wh_pro04_chs_art_hellcannon_ror_0
battle_healing_cap_mod	wh3_dlc23_effect_healing_cap_kdaai	wh3_dlc23_chd_mon_kdaai_destroyer
battle_healing_cap_mod	wh3_dlc23_effect_healing_cap_kdaai	wh3_dlc23_chd_mon_kdaai_fireborn
battle_healing_cap_mod	wh3_dlc23_effect_healing_cap_necromancers_all	wh_dlc04_vmp_cha_master_necromancer_1
battle_healing_cap_mod	wh3_dlc23_effect_healing_cap_necromancers_all	wh_dlc04_vmp_cha_master_necromancer_2
battle_healing_cap_mod	wh3_dlc23_effect_healing_cap_necromancers_all	wh_dlc04_vmp_cha_master_necromancer_3
battle_healing_cap_mod	wh3_dlc23_effect_healing_cap_necromancers_all	wh_dlc04_vmp_cha_necromancer_1
battle_healing_cap_mod	wh3_dlc23_effect_healing_cap_necromancers_all	wh_dlc04_vmp_cha_necromancer_2
battle_healing_cap_mod	wh3_dlc23_effect_healing_cap_necromancers_all	wh_dlc04_vmp_cha_necromancer_3
battle_healing_cap_mod	wh3_dlc23_effect_healing_cap_necromancers_all	wh_main_vmp_cha_master_necromancer_0
battle_healing_cap_mod	wh3_dlc23_effect_healing_cap_necromancers_all	wh_main_vmp_cha_master_necromancer_4
battle_healing_cap_mod	wh3_dlc23_effect_healing_cap_necromancers_all	wh_main_vmp_cha_master_necromancer_5
battle_healing_cap_mod	wh3_dlc23_effect_healing_cap_necromancers_all	wh_main_vmp_cha_necromancer_0
battle_healing_cap_mod	wh3_dlc23_effect_healing_cap_necromancers_all	wh_main_vmp_cha_necromancer_5
battle_healing_cap_mod	wh3_dlc24_effect_healing_cap_plaguebearers	wh3_main_nur_inf_plaguebearers_0
battle_healing_cap_mod	wh3_dlc24_effect_healing_cap_plaguebearers	wh3_main_nur_inf_plaguebearers_1
battle_healing_cap_mod	wh3_dlc24_effect_healing_cap_plaguebearers	wh3_main_nur_inf_plaguebearers_1_summoned
battle_healing_cap_mod	wh3_dlc24_effect_healing_cap_plaguebearers	wh3_main_nur_inf_plaguebearers_summoned_0
battle_healing_cap_mod	wh3_dlc24_effect_healing_cap_plaguebearers	wh3_twa06_nur_inf_plaguebearers_ror_0
mercenary_province_pool_capacity_mod	wh3_dlc24_effect_province_merc_capacity_centigors_tze	wh3_dlc24_tze_inf_centigors_great_weapons
mercenary_province_pool_capacity_mod	wh3_dlc24_effect_province_merc_capacity_fell_bats_dire_wolves	wh_main_vmp_mon_dire_wolves
mercenary_province_pool_capacity_mod	wh3_dlc24_effect_province_merc_capacity_fell_bats_dire_wolves	wh_main_vmp_mon_fell_bats
mercenary_province_pool_capacity_mod	wh3_dlc24_effect_province_merc_capacity_tzaangor_tze	wh3_dlc24_tze_inf_tzaangors
melee_defence_mod	wh3_dlc25_effect_battle_trait_felix_to_gotrek	wh2_pro08_neu_cha_gotrek
melee_attack_mod	wh3_dlc25_effect_battle_trait_gotrek_to_felix	wh2_pro08_neu_cha_felix
mercenary_province_pool_capacity_mod	wh3_dlc25_effect_province_merc_capacity_pestigors_nur	wh3_dlc25_nur_inf_pestigors
recruitment_disabled	wh3_dlc26_effect_lock_recruitment_wh3_dlc26_kho_inf_skullreapers	wh3_dlc26_kho_inf_skullreapers
recruitment_disabled	wh3_dlc26_effect_lock_recruitment_wh3_dlc26_kho_inf_wrathmongers	wh3_dlc26_kho_inf_wrathmongers
mercenary_province_pool_capacity_mod	wh3_dlc26_effect_province_merc_capacity_khorngors_kho	wh3_dlc26_kho_inf_khorngors
battle_healing_cap_mod	wh3_dlc26_effect_stat_healing_cap_grn_trolls	wh_main_grn_mon_trolls
armour_mod	wh3_main_effect_additional_rank_bonus_clanrats_stormvermin_additive_ror_hidden	wh2_dlc12_skv_inf_clanrats_ror_0
armour_mod	wh3_main_effect_additional_rank_bonus_clanrats_stormvermin_additive_ror_hidden	wh2_dlc12_skv_inf_stormvermin_ror_0
melee_damage_mod_add	wh3_main_effect_additional_rank_bonus_clanrats_stormvermin_additive_ror_hidden	wh2_dlc12_skv_inf_clanrats_ror_0
melee_damage_mod_add	wh3_main_effect_additional_rank_bonus_clanrats_stormvermin_additive_ror_hidden	wh2_dlc12_skv_inf_stormvermin_ror_0
battle_barrier_health	wh3_main_effect_barrier_health_cairn_wraith_hexwraith	wh2_dlc11_cst_mon_mournguls_0
battle_barrier_health	wh3_main_effect_barrier_health_cairn_wraith_hexwraith	wh_dlc04_vmp_cav_chillgheists_0
battle_barrier_health	wh3_main_effect_barrier_health_cairn_wraith_hexwraith	wh_main_vmp_cav_hexwraiths
battle_barrier_health	wh3_main_effect_barrier_health_cairn_wraith_hexwraith	wh_main_vmp_inf_cairn_wraiths
battle_healing_cap_mod	wh3_main_effect_battle_heal_cap_isabella_to_vlad	wh_dlc04_vmp_cha_vlad_von_carstein_0
battle_healing_cap_mod	wh3_main_effect_battle_heal_cap_vlad_to_isabella	wh_pro02_vmp_cha_isabella_von_carstein_0
battle_healing_cap_mod	wh3_main_effect_battle_heal_cap_vlad_to_isabella	wh_pro02_vmp_cha_isabella_von_carstein_2
battle_healing_cap_mod	wh3_main_effect_battle_heal_cap_vlad_to_isabella	wh_pro02_vmp_cha_isabella_von_carstein_4
battle_healing_cap_mod	wh3_main_effect_healing_cap_ghouls_crypt_horrors	wh_dlc04_vmp_inf_feasters_in_the_dusk_0
battle_healing_cap_mod	wh3_main_effect_healing_cap_ghouls_crypt_horrors	wh_main_vmp_inf_crypt_ghouls
battle_healing_cap_mod	wh3_main_effect_healing_cap_ghouls_crypt_horrors	wh_main_vmp_mon_crypt_horrors
battle_healing_cap_mod	wh3_main_effect_healing_cap_settra	wh2_dlc09_tmb_cha_settra_0
battle_healing_cap_mod	wh3_main_effect_healing_cap_settra	wh2_dlc09_tmb_cha_settra_1
battle_healing_cap_mod	wh3_main_effect_healing_cap_settra	wh2_dlc09_tmb_cha_settra_2
battle_healing_cap_mod	wh3_main_effect_healing_cap_settra	wh2_dlc09_tmb_cha_settra_3
battle_healing_cap_mod	wh3_main_effect_healing_cap_wraiths	wh2_dlc11_cst_mon_mournguls_0
battle_healing_cap_mod	wh3_main_effect_healing_cap_wraiths	wh_dlc04_vmp_cav_chillgheists_0
battle_healing_cap_mod	wh3_main_effect_healing_cap_wraiths	wh_main_vmp_cav_hexwraiths
battle_healing_cap_mod	wh3_main_effect_healing_cap_wraiths	wh_main_vmp_inf_cairn_wraiths
battle_healing_cap_mod	wh3_main_effect_healing_cap_zombies	wh_dlc04_vmp_inf_tithe_0
battle_healing_cap_mod	wh3_main_effect_healing_cap_zombies	wh_main_vmp_inf_zombie
recruitment_disabled	wh3_main_effect_lock_recruitment_daemon_prince_units	wh3_dlc26_kho_inf_skullreapers
recruitment_disabled	wh3_main_effect_lock_recruitment_daemon_prince_units	wh3_dlc26_kho_inf_wrathmongers
recruitment_disabled	wh3_main_effect_lock_recruitment_daemon_prince_units	wh3_main_kho_cav_bloodcrushers_0
recruitment_disabled	wh3_main_effect_lock_recruitment_daemon_prince_units	wh3_main_kho_cav_gorebeast_chariot
recruitment_disabled	wh3_main_effect_lock_recruitment_daemon_prince_units	wh3_main_kho_cav_skullcrushers_0
recruitment_disabled	wh3_main_effect_lock_recruitment_daemon_prince_units	wh3_main_kho_inf_bloodletters_0
recruitment_disabled	wh3_main_effect_lock_recruitment_daemon_prince_units	wh3_main_kho_inf_bloodletters_1
recruitment_disabled	wh3_main_effect_lock_recruitment_daemon_prince_units	wh3_main_kho_inf_chaos_warhounds_0
recruitment_disabled	wh3_main_effect_lock_recruitment_daemon_prince_units	wh3_main_kho_inf_flesh_hounds_of_khorne_0
recruitment_disabled	wh3_main_effect_lock_recruitment_daemon_prince_units	wh3_main_kho_mon_bloodthirster_0
recruitment_disabled	wh3_main_effect_lock_recruitment_daemon_prince_units	wh3_main_kho_mon_khornataurs_0
recruitment_disabled	wh3_main_effect_lock_recruitment_daemon_prince_units	wh3_main_kho_mon_khornataurs_1
recruitment_disabled	wh3_main_effect_lock_recruitment_daemon_prince_units	wh3_main_kho_mon_soul_grinder_0
recruitment_disabled	wh3_main_effect_lock_recruitment_daemon_prince_units	wh3_main_kho_veh_blood_shrine_0
recruitment_disabled	wh3_main_effect_lock_recruitment_daemon_prince_units	wh3_main_kho_veh_skullcannon_0
recruitment_disabled	wh3_main_effect_lock_recruitment_daemon_prince_units	wh3_main_nur_cav_plague_drones_0
recruitment_disabled	wh3_main_effect_lock_recruitment_daemon_prince_units	wh3_main_nur_cav_plague_drones_1
recruitment_disabled	wh3_main_effect_lock_recruitment_daemon_prince_units	wh3_main_nur_cav_pox_riders_of_nurgle_0
recruitment_disabled	wh3_main_effect_lock_recruitment_daemon_prince_units	wh3_main_nur_inf_nurglings_0
recruitment_disabled	wh3_main_effect_lock_recruitment_daemon_prince_units	wh3_main_nur_inf_plaguebearers_0
recruitment_disabled	wh3_main_effect_lock_recruitment_daemon_prince_units	wh3_main_nur_inf_plaguebearers_1
recruitment_disabled	wh3_main_effect_lock_recruitment_daemon_prince_units	wh3_main_nur_mon_beast_of_nurgle_0
recruitment_disabled	wh3_main_effect_lock_recruitment_daemon_prince_units	wh3_main_nur_mon_great_unclean_one_0
recruitment_disabled	wh3_main_effect_lock_recruitment_daemon_prince_units	wh3_main_nur_mon_plague_toads_0
recruitment_disabled	wh3_main_effect_lock_recruitment_daemon_prince_units	wh3_main_nur_mon_rot_flies_0
recruitment_disabled	wh3_main_effect_lock_recruitment_daemon_prince_units	wh3_main_nur_mon_soul_grinder_0
recruitment_disabled	wh3_main_effect_lock_recruitment_daemon_prince_units	wh3_main_sla_cav_heartseekers_of_slaanesh_0
recruitment_disabled	wh3_main_effect_lock_recruitment_daemon_prince_units	wh3_main_sla_cav_hellstriders_0
recruitment_disabled	wh3_main_effect_lock_recruitment_daemon_prince_units	wh3_main_sla_cav_hellstriders_1
recruitment_disabled	wh3_main_effect_lock_recruitment_daemon_prince_units	wh3_main_sla_cav_seekers_of_slaanesh_0
recruitment_disabled	wh3_main_effect_lock_recruitment_daemon_prince_units	wh3_main_sla_inf_daemonette_0
recruitment_disabled	wh3_main_effect_lock_recruitment_daemon_prince_units	wh3_main_sla_inf_daemonette_1
recruitment_disabled	wh3_main_effect_lock_recruitment_daemon_prince_units	wh3_main_sla_mon_fiends_of_slaanesh_0
recruitment_disabled	wh3_main_effect_lock_recruitment_daemon_prince_units	wh3_main_sla_mon_keeper_of_secrets_0
recruitment_disabled	wh3_main_effect_lock_recruitment_daemon_prince_units	wh3_main_sla_mon_soul_grinder_0
recruitment_disabled	wh3_main_effect_lock_recruitment_daemon_prince_units	wh3_main_sla_veh_exalted_seeker_chariot_0
recruitment_disabled	wh3_main_effect_lock_recruitment_daemon_prince_units	wh3_main_sla_veh_hellflayer_0
recruitment_disabled	wh3_main_effect_lock_recruitment_daemon_prince_units	wh3_main_sla_veh_seeker_chariot_0
recruitment_disabled	wh3_main_effect_lock_recruitment_daemon_prince_units	wh3_main_tze_cav_doom_knights_0
recruitment_disabled	wh3_main_effect_lock_recruitment_daemon_prince_units	wh3_main_tze_inf_blue_horrors_0
recruitment_disabled	wh3_main_effect_lock_recruitment_daemon_prince_units	wh3_main_tze_inf_pink_horrors_0
recruitment_disabled	wh3_main_effect_lock_recruitment_daemon_prince_units	wh3_main_tze_inf_pink_horrors_1
recruitment_disabled	wh3_main_effect_lock_recruitment_daemon_prince_units	wh3_main_tze_mon_exalted_flamers_0
recruitment_disabled	wh3_main_effect_lock_recruitment_daemon_prince_units	wh3_main_tze_mon_flamers_0
recruitment_disabled	wh3_main_effect_lock_recruitment_daemon_prince_units	wh3_main_tze_mon_lord_of_change_0
recruitment_disabled	wh3_main_effect_lock_recruitment_daemon_prince_units	wh3_main_tze_mon_screamers_0
recruitment_disabled	wh3_main_effect_lock_recruitment_daemon_prince_units	wh3_main_tze_mon_soul_grinder_0
recruitment_disabled	wh3_main_effect_lock_recruitment_daemon_prince_units	wh3_main_tze_veh_burning_chariot_0
recruitment_disabled	wh3_main_effect_lock_recruitment_wh3_main_dae_inf_chaos_furies_0	wh3_main_dae_inf_chaos_furies_0
recruitment_disabled	wh3_main_effect_lock_recruitment_wh3_main_kho_cav_bloodcrushers_0	wh3_main_kho_cav_bloodcrushers_0
recruitment_disabled	wh3_main_effect_lock_recruitment_wh3_main_kho_cav_gorebeast_chariot	wh3_main_kho_cav_gorebeast_chariot
recruitment_disabled	wh3_main_effect_lock_recruitment_wh3_main_kho_cav_skullcrushers_0	wh3_main_kho_cav_skullcrushers_0
recruitment_disabled	wh3_main_effect_lock_recruitment_wh3_main_kho_inf_bloodletters_0	wh3_main_kho_inf_bloodletters_0
recruitment_disabled	wh3_main_effect_lock_recruitment_wh3_main_kho_inf_bloodletters_1	wh3_main_kho_inf_bloodletters_1
recruitment_disabled	wh3_main_effect_lock_recruitment_wh3_main_kho_inf_chaos_warhounds_0	wh3_main_kho_inf_chaos_warhounds_0
recruitment_disabled	wh3_main_effect_lock_recruitment_wh3_main_kho_inf_chaos_warriors_0	wh3_main_kho_inf_chaos_warriors_0
recruitment_disabled	wh3_main_effect_lock_recruitment_wh3_main_kho_inf_chaos_warriors_1	wh3_main_kho_inf_chaos_warriors_1
recruitment_disabled	wh3_main_effect_lock_recruitment_wh3_main_kho_inf_chaos_warriors_2	wh3_main_kho_inf_chaos_warriors_2
recruitment_disabled	wh3_main_effect_lock_recruitment_wh3_main_kho_inf_flesh_hounds_of_khorne_0	wh3_main_kho_inf_flesh_hounds_of_khorne_0
recruitment_disabled	wh3_main_effect_lock_recruitment_wh3_main_kho_mon_bloodthirster_0	wh3_main_kho_mon_bloodthirster_0
recruitment_disabled	wh3_main_effect_lock_recruitment_wh3_main_kho_mon_khornataurs_0	wh3_main_kho_mon_khornataurs_0
recruitment_disabled	wh3_main_effect_lock_recruitment_wh3_main_kho_mon_khornataurs_1	wh3_main_kho_mon_khornataurs_1
recruitment_disabled	wh3_main_effect_lock_recruitment_wh3_main_kho_mon_soul_grinder_0	wh3_main_kho_mon_soul_grinder_0
recruitment_disabled	wh3_main_effect_lock_recruitment_wh3_main_kho_veh_blood_shrine_0	wh3_main_kho_veh_blood_shrine_0
recruitment_disabled	wh3_main_effect_lock_recruitment_wh3_main_kho_veh_skullcannon_0	wh3_main_kho_veh_skullcannon_0
recruitment_disabled	wh3_main_effect_lock_recruitment_wh3_main_nur_cav_plague_drones_0	wh3_main_nur_cav_plague_drones_0
recruitment_disabled	wh3_main_effect_lock_recruitment_wh3_main_nur_cav_plague_drones_1	wh3_main_nur_cav_plague_drones_1
recruitment_disabled	wh3_main_effect_lock_recruitment_wh3_main_nur_cav_pox_riders_of_nurgle_0	wh3_main_nur_cav_pox_riders_of_nurgle_0
recruitment_disabled	wh3_main_effect_lock_recruitment_wh3_main_nur_inf_nurglings_0	wh3_main_nur_inf_nurglings_0
recruitment_disabled	wh3_main_effect_lock_recruitment_wh3_main_nur_inf_plaguebearers_0	wh3_main_nur_inf_plaguebearers_0
recruitment_disabled	wh3_main_effect_lock_recruitment_wh3_main_nur_inf_plaguebearers_1	wh3_main_nur_inf_plaguebearers_1
recruitment_disabled	wh3_main_effect_lock_recruitment_wh3_main_nur_mon_beast_of_nurgle_0	wh3_main_nur_mon_beast_of_nurgle_0
recruitment_disabled	wh3_main_effect_lock_recruitment_wh3_main_nur_mon_great_unclean_one_0	wh3_main_nur_mon_great_unclean_one_0
recruitment_disabled	wh3_main_effect_lock_recruitment_wh3_main_nur_mon_plague_toads_0	wh3_main_nur_mon_plague_toads_0
recruitment_disabled	wh3_main_effect_lock_recruitment_wh3_main_nur_mon_rot_flies_0	wh3_main_nur_mon_rot_flies_0
recruitment_disabled	wh3_main_effect_lock_recruitment_wh3_main_nur_mon_soul_grinder_0	wh3_main_nur_mon_soul_grinder_0
recruitment_disabled	wh3_main_effect_lock_recruitment_wh3_main_sla_cav_heartseekers_of_slaanesh_0	wh3_main_sla_cav_heartseekers_of_slaanesh_0
recruitment_disabled	wh3_main_effect_lock_recruitment_wh3_main_sla_cav_hellstriders_0	wh3_main_sla_cav_hellstriders_0
recruitment_disabled	wh3_main_effect_lock_recruitment_wh3_main_sla_cav_hellstriders_1	wh3_main_sla_cav_hellstriders_1
recruitment_disabled	wh3_main_effect_lock_recruitment_wh3_main_sla_cav_seekers_of_slaanesh_0	wh3_main_sla_cav_seekers_of_slaanesh_0
recruitment_disabled	wh3_main_effect_lock_recruitment_wh3_main_sla_inf_daemonette_0	wh3_main_sla_inf_daemonette_0
recruitment_disabled	wh3_main_effect_lock_recruitment_wh3_main_sla_inf_daemonette_1	wh3_main_sla_inf_daemonette_1
recruitment_disabled	wh3_main_effect_lock_recruitment_wh3_main_sla_mon_fiends_of_slaanesh_0	wh3_main_sla_mon_fiends_of_slaanesh_0
recruitment_disabled	wh3_main_effect_lock_recruitment_wh3_main_sla_mon_keeper_of_secrets_0	wh3_main_sla_mon_keeper_of_secrets_0
recruitment_disabled	wh3_main_effect_lock_recruitment_wh3_main_sla_mon_soul_grinder_0	wh3_main_sla_mon_soul_grinder_0
recruitment_disabled	wh3_main_effect_lock_recruitment_wh3_main_sla_veh_exalted_seeker_chariot_0	wh3_main_sla_veh_exalted_seeker_chariot_0
recruitment_disabled	wh3_main_effect_lock_recruitment_wh3_main_sla_veh_hellflayer_0	wh3_main_sla_veh_hellflayer_0
recruitment_disabled	wh3_main_effect_lock_recruitment_wh3_main_sla_veh_seeker_chariot_0	wh3_main_sla_veh_seeker_chariot_0
recruitment_disabled	wh3_main_effect_lock_recruitment_wh3_main_tze_cav_chaos_knights_0	wh3_main_tze_cav_chaos_knights_0
recruitment_disabled	wh3_main_effect_lock_recruitment_wh3_main_tze_cav_doom_knights_0	wh3_main_tze_cav_doom_knights_0
recruitment_disabled	wh3_main_effect_lock_recruitment_wh3_main_tze_inf_blue_horrors_0	wh3_main_tze_inf_blue_horrors_0
recruitment_disabled	wh3_main_effect_lock_recruitment_wh3_main_tze_inf_pink_horrors_0	wh3_main_tze_inf_pink_horrors_0
recruitment_disabled	wh3_main_effect_lock_recruitment_wh3_main_tze_inf_pink_horrors_1	wh3_main_tze_inf_pink_horrors_1
recruitment_disabled	wh3_main_effect_lock_recruitment_wh3_main_tze_mon_exalted_flamer_0	wh3_main_tze_mon_exalted_flamers_0
recruitment_disabled	wh3_main_effect_lock_recruitment_wh3_main_tze_mon_flamers_0	wh3_main_tze_mon_flamers_0
recruitment_disabled	wh3_main_effect_lock_recruitment_wh3_main_tze_mon_lord_of_change_0	wh3_main_tze_mon_lord_of_change_0
recruitment_disabled	wh3_main_effect_lock_recruitment_wh3_main_tze_mon_screamers_0	wh3_main_tze_mon_screamers_0
recruitment_disabled	wh3_main_effect_lock_recruitment_wh3_main_tze_mon_soul_grinder_0	wh3_main_tze_mon_soul_grinder_0
recruitment_disabled	wh3_main_effect_lock_recruitment_wh3_main_tze_veh_burning_chariot_0	wh3_main_tze_veh_burning_chariot_0
damage_resistance_physical_mod	wh3_main_effect_physical_resistance_zombies	wh_dlc04_vmp_inf_tithe_0
damage_resistance_physical_mod	wh3_main_effect_physical_resistance_zombies	wh_main_vmp_inf_zombie
mercenary_province_pool_capacity_mod	wh3_main_effect_province_merc_capacity_bats_hidden	wh_main_vmp_mon_fell_bats
mercenary_province_pool_capacity_mod	wh3_main_effect_province_merc_capacity_cairn_wraiths_hidden	wh_main_vmp_inf_cairn_wraiths
mercenary_province_pool_capacity_mod	wh3_main_effect_province_merc_capacity_crypt_ghouls_hidden	wh_main_vmp_inf_crypt_ghouls
mercenary_province_pool_capacity_mod	wh3_main_effect_province_merc_capacity_cst_animated_hulks_hidden	wh2_dlc11_cst_mon_animated_hulks_0
mercenary_province_pool_capacity_mod	wh3_main_effect_province_merc_capacity_cst_bats_hidden	wh2_dlc11_cst_mon_fell_bats
mercenary_province_pool_capacity_mod	wh3_main_effect_province_merc_capacity_cst_bloated_corpse_hidden	wh2_dlc11_cst_mon_bloated_corpse_0
mercenary_province_pool_capacity_mod	wh3_main_effect_province_merc_capacity_cst_deck_dropper_0_hidden	wh2_dlc11_cst_cav_deck_droppers_0
mercenary_province_pool_capacity_mod	wh3_main_effect_province_merc_capacity_cst_gunnerymob_0_hidden	wh2_dlc11_cst_inf_zombie_gunnery_mob_0
mercenary_province_pool_capacity_mod	wh3_main_effect_province_merc_capacity_cst_gunnerymob_1_hidden	wh2_dlc11_cst_inf_zombie_gunnery_mob_1
mercenary_province_pool_capacity_mod	wh3_main_effect_province_merc_capacity_cst_gunnerymob_2_hidden	wh2_dlc11_cst_inf_zombie_gunnery_mob_2
mercenary_province_pool_capacity_mod	wh3_main_effect_province_merc_capacity_cst_gunnerymob_3_hidden	wh2_dlc11_cst_inf_zombie_gunnery_mob_3
mercenary_province_pool_capacity_mod	wh3_main_effect_province_merc_capacity_cst_scurvy_dogs_hidden	wh2_dlc11_cst_mon_scurvy_dogs
mercenary_province_pool_capacity_mod	wh3_main_effect_province_merc_capacity_cst_zombie_deckhand_0_hidden	wh2_dlc11_cst_inf_zombie_deckhands_mob_0
mercenary_province_pool_capacity_mod	wh3_main_effect_province_merc_capacity_cst_zombie_deckhand_1_hidden	wh2_dlc11_cst_inf_zombie_deckhands_mob_1
mercenary_province_pool_capacity_mod	wh3_main_effect_province_merc_capacity_grave_guard_hidden	wh_main_vmp_inf_grave_guard_0
mercenary_province_pool_capacity_mod	wh3_main_effect_province_merc_capacity_skeletons_hidden	wh_main_vmp_inf_skeleton_warriors_0
mercenary_province_pool_capacity_mod	wh3_main_effect_province_merc_capacity_skeletons_hidden	wh_main_vmp_inf_skeleton_warriors_1
mercenary_province_pool_capacity_mod	wh3_main_effect_province_merc_capacity_skeletons	wh_main_vmp_inf_skeleton_warriors_0
mercenary_province_pool_capacity_mod	wh3_main_effect_province_merc_capacity_skeletons	wh_main_vmp_inf_skeleton_warriors_1
mercenary_province_pool_capacity_mod	wh3_main_effect_province_merc_capacity_wolves_hidden	wh_main_vmp_mon_dire_wolves
mercenary_province_pool_capacity_mod	wh3_main_effect_province_merc_capacity_zombies_hidden	wh_main_vmp_inf_zombie
mercenary_province_pool_capacity_mod	wh3_main_effect_province_merc_capacity_zombies	wh_main_vmp_inf_zombie
unit_cap	wh3_main_effect_unit_cap_bst_hidden	wh2_dlc17_bst_cav_tuskgor_chariot_0
unit_cap	wh3_main_effect_unit_cap_bst_hidden	wh2_dlc17_bst_mon_ghorgon_0
unit_cap	wh3_main_effect_unit_cap_bst_hidden	wh2_dlc17_bst_mon_jabberslythe_0
unit_cap	wh3_main_effect_unit_cap_bst_hidden	wh_dlc03_bst_cav_razorgor_chariot_0
unit_cap	wh3_main_effect_unit_cap_bst_hidden	wh_dlc03_bst_feral_manticore
unit_cap	wh3_main_effect_unit_cap_bst_hidden	wh_dlc03_bst_inf_bestigor_herd_0
unit_cap	wh3_main_effect_unit_cap_bst_hidden	wh_dlc03_bst_inf_centigors_0
unit_cap	wh3_main_effect_unit_cap_bst_hidden	wh_dlc03_bst_inf_centigors_1
unit_cap	wh3_main_effect_unit_cap_bst_hidden	wh_dlc03_bst_inf_centigors_2
unit_cap	wh3_main_effect_unit_cap_bst_hidden	wh_dlc03_bst_inf_cygor_0
unit_cap	wh3_main_effect_unit_cap_bst_hidden	wh_dlc03_bst_inf_gor_herd_0
unit_cap	wh3_main_effect_unit_cap_bst_hidden	wh_dlc03_bst_inf_gor_herd_1
unit_cap	wh3_main_effect_unit_cap_bst_hidden	wh_dlc03_bst_inf_minotaurs_0
unit_cap	wh3_main_effect_unit_cap_bst_hidden	wh_dlc03_bst_inf_minotaurs_1
unit_cap	wh3_main_effect_unit_cap_bst_hidden	wh_dlc03_bst_inf_minotaurs_2
unit_cap	wh3_main_effect_unit_cap_bst_hidden	wh_dlc03_bst_inf_razorgor_herd_0
unit_cap	wh3_main_effect_unit_cap_bst_hidden	wh_dlc03_bst_inf_ungor_herd_1
unit_cap	wh3_main_effect_unit_cap_bst_hidden	wh_dlc03_bst_inf_ungor_raiders_0
unit_cap	wh3_main_effect_unit_cap_bst_hidden	wh_dlc03_bst_inf_ungor_spearmen_0
unit_cap	wh3_main_effect_unit_cap_bst_hidden	wh_dlc03_bst_inf_ungor_spearmen_1
unit_cap	wh3_main_effect_unit_cap_bst_hidden	wh_dlc03_bst_mon_giant_0
unit_cap	wh3_main_effect_unit_cap_bst_hidden	wh_dlc05_bst_mon_harpies_0
unit_cap	wh3_main_effect_unit_cap_chd_hidden	wh3_dlc23_chd_cav_bull_centaurs_axe
unit_cap	wh3_main_effect_unit_cap_chd_hidden	wh3_dlc23_chd_cav_bull_centaurs_dual_axe
unit_cap	wh3_main_effect_unit_cap_chd_hidden	wh3_dlc23_chd_cav_bull_centaurs_dual_axe_ror
unit_cap	wh3_main_effect_unit_cap_chd_hidden	wh3_dlc23_chd_cav_bull_centaurs_greatweapons
unit_cap	wh3_main_effect_unit_cap_chd_hidden	wh3_dlc23_chd_cav_hobgoblin_wolf_raiders_ror
unit_cap	wh3_main_effect_unit_cap_chd_hidden	wh3_dlc23_chd_inf_chaos_dwarf_blunderbusses
unit_cap	wh3_main_effect_unit_cap_chd_hidden	wh3_dlc23_chd_inf_chaos_dwarf_blunderbusses_ror
unit_cap	wh3_main_effect_unit_cap_chd_hidden	wh3_dlc23_chd_inf_chaos_dwarf_warriors
unit_cap	wh3_main_effect_unit_cap_chd_hidden	wh3_dlc23_chd_inf_chaos_dwarf_warriors_great_weapons
unit_cap	wh3_main_effect_unit_cap_chd_hidden	wh3_dlc23_chd_inf_chaos_dwarf_warriors_ror
unit_cap	wh3_main_effect_unit_cap_chd_hidden	wh3_dlc23_chd_inf_infernal_guard
unit_cap	wh3_main_effect_unit_cap_chd_hidden	wh3_dlc23_chd_inf_infernal_guard_fireglaives
unit_cap	wh3_main_effect_unit_cap_chd_hidden	wh3_dlc23_chd_inf_infernal_guard_great_weapons
unit_cap	wh3_main_effect_unit_cap_chd_hidden	wh3_dlc23_chd_inf_infernal_ironsworn
unit_cap	wh3_main_effect_unit_cap_chd_hidden	wh3_dlc23_chd_inf_infernal_ironsworn_ror
unit_cap	wh3_main_effect_unit_cap_chd_hidden	wh3_dlc23_chd_mon_bale_taurus
unit_cap	wh3_main_effect_unit_cap_chd_hidden	wh3_dlc23_chd_mon_great_taurus
unit_cap	wh3_main_effect_unit_cap_chd_hidden	wh3_dlc23_chd_mon_kdaai_destroyer
unit_cap	wh3_main_effect_unit_cap_chd_hidden	wh3_dlc23_chd_mon_kdaai_fireborn
unit_cap	wh3_main_effect_unit_cap_chd_hidden	wh3_dlc23_chd_mon_lammasu
unit_cap	wh3_main_effect_unit_cap_ksl_elemental_bear	wh3_main_ksl_mon_elemental_bear_0
unit_cap	wh3_main_effect_unit_cap_tmb_hidden	wh2_dlc09_tmb_art_casket_of_souls_0
unit_cap	wh3_main_effect_unit_cap_tmb_hidden	wh2_dlc09_tmb_art_screaming_skull_catapult_0
unit_cap	wh3_main_effect_unit_cap_tmb_hidden	wh2_dlc09_tmb_cav_hexwraiths
unit_cap	wh3_main_effect_unit_cap_tmb_hidden	wh2_dlc09_tmb_cav_necropolis_knights_0
unit_cap	wh3_main_effect_unit_cap_tmb_hidden	wh2_dlc09_tmb_cav_necropolis_knights_1
unit_cap	wh3_main_effect_unit_cap_tmb_hidden	wh2_dlc09_tmb_cav_nehekhara_horsemen_0
unit_cap	wh3_main_effect_unit_cap_tmb_hidden	wh2_dlc09_tmb_cav_skeleton_horsemen_0
unit_cap	wh3_main_effect_unit_cap_tmb_hidden	wh2_dlc09_tmb_cav_skeleton_horsemen_archers_0
unit_cap	wh3_main_effect_unit_cap_tmb_hidden	wh2_dlc09_tmb_inf_crypt_ghouls
unit_cap	wh3_main_effect_unit_cap_tmb_hidden	wh2_dlc09_tmb_inf_nehekhara_warriors_0
unit_cap	wh3_main_effect_unit_cap_tmb_hidden	wh2_dlc09_tmb_inf_skeleton_archers_0
unit_cap	wh3_main_effect_unit_cap_tmb_hidden	wh2_dlc09_tmb_inf_skeleton_spearmen_0
unit_cap	wh3_main_effect_unit_cap_tmb_hidden	wh2_dlc09_tmb_inf_skeleton_warriors_0
unit_cap	wh3_main_effect_unit_cap_tmb_hidden	wh2_dlc09_tmb_inf_tomb_guard_0
unit_cap	wh3_main_effect_unit_cap_tmb_hidden	wh2_dlc09_tmb_inf_tomb_guard_1
unit_cap	wh3_main_effect_unit_cap_tmb_hidden	wh2_dlc09_tmb_mon_carrion_0
unit_cap	wh3_main_effect_unit_cap_tmb_hidden	wh2_dlc09_tmb_mon_dire_wolves
unit_cap	wh3_main_effect_unit_cap_tmb_hidden	wh2_dlc09_tmb_mon_fell_bats
unit_cap	wh3_main_effect_unit_cap_tmb_hidden	wh2_dlc09_tmb_mon_heirotitan_0
unit_cap	wh3_main_effect_unit_cap_tmb_hidden	wh2_dlc09_tmb_mon_necrosphinx_0
unit_cap	wh3_main_effect_unit_cap_tmb_hidden	wh2_dlc09_tmb_mon_sepulchral_stalkers_0
unit_cap	wh3_main_effect_unit_cap_tmb_hidden	wh2_dlc09_tmb_mon_tomb_scorpion_0
unit_cap	wh3_main_effect_unit_cap_tmb_hidden	wh2_dlc09_tmb_mon_ushabti_0
unit_cap	wh3_main_effect_unit_cap_tmb_hidden	wh2_dlc09_tmb_mon_ushabti_1
unit_cap	wh3_main_effect_unit_cap_tmb_hidden	wh2_dlc09_tmb_veh_khemrian_warsphinx_0
unit_cap	wh3_main_effect_unit_cap_tmb_hidden	wh2_dlc09_tmb_veh_skeleton_archer_chariot_0
unit_cap	wh3_main_effect_unit_cap_tmb_hidden	wh2_dlc09_tmb_veh_skeleton_chariot_0
unit_cap	wh3_main_effect_unit_cap_tmb_hidden	wh2_pro06_tmb_mon_bone_giant_0
armour_mod	wh_dlc15_effect_force_unit_stat_armour_grn_hatchlings	wh_dlc06_grn_mon_spider_hatchlings_0
melee_attack_mod	wh_dlc15_effect_force_unit_stat_melee_attack_grn_hatchlings	wh_dlc06_grn_mon_spider_hatchlings_0
melee_defence_mod	wh_dlc15_effect_force_unit_stat_melee_defence_grn_hatchlings	wh_dlc06_grn_mon_spider_hatchlings_0
melee_damage_ap_mod_add	wh_dlc15_effect_force_unit_stat_weapon_strength_grn_hatchlings	wh_dlc06_grn_mon_spider_hatchlings_0
